Unnamed: 0,Thời gian,Tiêu đề,URL,content
0,(11/11/2025 00:00),BID: Quyết định của TGĐ về việc thay đổi địa điểm đặt trụ sở Chi nhánh Kinh Bắc,https://cafef.vn/du-lieu/BID-2337502/bid-quyet-dinh-cua-tgd-ve-viec-thay-doi-dia-diem-dat-tru-so-chi-nhanh-kinh-bac.chn?utm_source=du-lieu,
1,(11/11/2025 00:00),BID: Nghị quyết HĐQT phê duyệt phương án phát hành riêng lẻ trái phiếu BIDV quý 4/2025,https://cafef.vn/du-lieu/BID-2337640/bid-nghi-quyet-hdqt-phe-duyet-phuong-an-phat-hanh-rieng-le-trai-phieu-bidv-quy-42025.chn?utm_source=du-lieu,
2,(05/11/2025 00:00),BID: Ông Lê Trung Thành - Phó Tổng giám đốc nghỉ hưu từ 1.1.2026,https://cafef.vn/du-lieu/BID-2334762/bid-ong-le-trung-thanh-pho-tong-giam-doc-nghi-huu-tu-112026.chn?utm_source=du-lieu,
3,(31/10/2025 00:00),BID: Nghị quyết HĐQT phê duyệt phương án phát hành trái phiếu tăng vốn,https://cafef.vn/du-lieu/BID-2333966/bid-nghi-quyet-hdqt-phe-duyet-phuong-an-phat-hanh-trai-phieu-tang-von.chn?utm_source=du-lieu,
4,(31/10/2025 00:00),BID: Quyết định TGĐ về việc thay đổi địa điểm đặt trụ sở CN Ba Mươi Tháng Tư,https://cafef.vn/du-lieu/BID-2334011/bid-quyet-dinh-tgd-ve-viec-thay-doi-dia-diem-dat-tru-so-cn-ba-muoi-thang-tu.chn?utm_source=du-lieu,
5,(24/10/2025 00:00),BID: HĐQT thông qua cấp hạn mức đầu tư tiền gửi đảm bảo bằng TSCĐ loại 1 đối với BIDC,https://cafef.vn/du-lieu/BID-2326135/bid-hdqt-thong-qua-cap-han-muc-dau-tu-tien-gui-dam-bao-bang-tscd-loai-1-doi-voi-bidc.chn?utm_source=du-lieu,
6,(23/10/2025 00:00),BID: Thông báo về việc điều chỉnh BCTC năm 2024 đã được kiểm toán theo kết quả Kiểm toán Nhà nước,https://cafef.vn/du-lieu/BID-2324328/bid-thong-bao-ve-viec-dieu-chinh-bctc-nam-2024-da-duoc-kiem-toan-theo-ket-qua-kiem-toan-nha-nuoc.chn?utm_source=du-lieu,
7,(13/10/2025 00:00),BID: Quyết định về việc thay đổi địa điểm đặt trụ sở Chi nhánh Nam Kỳ Khởi Nghĩa,https://cafef.vn/du-lieu/BID-2316405/bid-quyet-dinh-ve-viec-thay-doi-dia-diem-dat-tru-so-chi-nhanh-nam-ky-khoi-nghia.chn?utm_source=du-lieu,
8,(09/10/2025 00:00),BID: Quyết định về việc phê duyệt mức phí dịch vụ bảo lãnh áp dụng cho Tổng công ty Bảo hiểm BIDV (BIC),https://cafef.vn/du-lieu/BID-2313535/bid-quyet-dinh-ve-viec-phe-duyet-muc-phi-dich-vu-bao-lanh-ap-dung-cho-tong-cong-ty-bao-hiem-bidv-bic.chn?utm_source=du-lieu,
9,(09/10/2025 00:00),BID: Quyết định về việc thông qua Phụ lục Hợp đồng đại lý bảo hiểm năm 2025 với Công ty TNHH Bảo hiểm nhân thọ BIDV MetLife (BML),https://cafef.vn/du-lieu/BID-2313536/bid-quyet-dinh-ve-viec-thong-qua-phu-luc-hop-dong-dai-ly-bao-hiem-nam-2025-voi-cong-ty-tnhh-bao-hiem-nhan-tho-bidv-metlife-bml.chn?utm_source=du-lieu,
10,(09/10/2025 00:00),BID: Quyết định về việc thay đổi địa điểm đặt trụ sở Chi nhánh Bình Thạnh,https://cafef.vn/du-lieu/BID-2313570/bid-quyet-dinh-ve-viec-thay-doi-dia-diem-dat-tru-so-chi-nhanh-binh-thanh.chn?utm_source=du-lieu,
11,(08/10/2025 00:00),"BID: 14.10.2025, ngày GDKHQ trả cổ tức năm 2024 bằng tiền mặt (450 đ/cp)",https://cafef.vn/du-lieu/BID-2312564/bid-14102025-ngay-gdkhq-tra-co-tuc-nam-2024-bang-tien-mat-450-dcp.chn?utm_source=du-lieu,
12,(07/10/2025 07:52),"'Đế chế' của ông Phạm Nhật Vượng chỉ có 37,3% nhân sự nữ nhưng các nữ tướng chiếm 59%, ngân hàng là 'thánh địa' của giới nữ ngoại trừ Sacombank",https://cafef.vn/de-che-cua-ong-pham-nhat-vuong-chi-co-373-nhan-su-nu-nhung-cac-nu-tuong-chiem-59-ngan-hang-la-thanh-dia-cua-gioi-nu-ngoai-tru-sacombank-188251007075236181.chn?utm_source=du-lieu,"Theo Báo cáo thường niên 2024 của 21 doanh nghiệp có giá trị vốn hoá lớn nhất thị trường chứng khoán Việt Nam tại thời điểm 6/10/2025 (bỏ qua ACV và Viettel Global do không công bố cơ cấu lao động), trên tổng quy mô hơn 576.000 nhân sự, cán cân giới tính vẫn nghiêng về phía nam giới khi có 11/21 doanh nghiệp có tỷ lệ nhân sự nam ‘áp đảo’ so với nhân sự nữ, đặc biệt trong các lĩnh vực công nghiệp nặng và công nghệ.
Điển hình như Tập đoàn Hòa Phát (HPG) chỉ có chưa đầy 12% nhân sự là nữ giới, PV GAS (GAS) có 21% hay Vinamilk cũng chỉ có 24,8% nhân sự là nữ... do đặc thù công việc có yêu cầu về sức khỏe thể chất, điều kiện làm việc khắc nghiệt, môi trường làm việc ngoài trời…
Trong khi đó, khối ngân hàng là nơi có đông nhân sự nữ nhất, với tỷ lệ trên dưới 60%. Ngân hàng duy nhất có tỷ lệ nữ dưới 50% là Sacombank (STB) với 48,28%.
Tuy nhiên, khi đi sâu vào cơ cấu lãnh đạo, một ""nghịch lý"" thú vị đã xuất hiện, đặc biệt tại những tập đoàn đa ngành lớn nhất.
Tại Vingroup (VIC), dù lao động nữ chỉ chiếm 37,3% tổng số nhân sự, nhưng lại có đến 59% các vị trí quản lý tại tập đoàn này do phụ nữ nắm giữ. Câu chuyện ""nữ quyền"" tại Vingroup không chỉ thể hiện qua các con số mà còn là một phần trong triết lý dùng người của nhà sáng lập. Các vị trí lãnh đạo cao cấp nhất quanh Chủ tịch Phạm Nhật Vượng, từ tài chính, kinh doanh đến pháp lý, phần lớn đều là các ""nữ tướng"".
Lý giải về điều này, ông Vượng từng chia sẻ trong một buổi nói chuyện trước đây rằng phụ nữ có những thế mạnh đặc biệt ở vai trò quản trị. Ông cho rằng: ""Ở các cương vị như các cấp phó hay các nhà quản trị thì rõ ràng nữ tốt hơn... Ví dụ tài chính kế toán, pháp lý kinh doanh, là thế mạnh của phụ nữ. Cho nên đương nhiên những vị trí đó bao giờ chúng tôi cũng bổ nhiệm phụ nữ.""
Triết lý này đã biến Vingroup thành một ví dụ điển hình cho việc trao quyền cho các lãnh đạo nữ, bất kể tỷ lệ của họ trong tổng thể lực lượng lao động.
Nhưng điều này không diễn ra tại Vinhomes - công ty con phụ trách mảng bất động sản của Vingroup. Vinhomes có 34,2% lao động là nữ, và cũng chỉ có tỷ lệ nữ quản lý là 28,7%.
Ngược lại với Vingroup, tại Masan Group (MSN), dù tỷ lệ nhân sự nữ tới 62,4% nhưng tỷ lệ nữ quản lý chỉ chiếm 43%. Trong khi đó, tại Masan Consumer chứng kiến ‘nữ quyền’ lớn hơn khi tỷ lệ nhân sự nữ chỉ 35,3% nhưng nữ quản lý chiếm gần 43% số cán bộ quản lý.
Về phía các ngân hàng, Sacombank không chỉ có tỷ lệ nữ nhân sự thấp hơn hẳn các ngân hàng khác (dưới 50%) mà tỷ lệ nữ quản lý tại ngân hàng này cũng thấp nhất: 24,1% - con số này còn thấp hơn tại các công ty như Vinamilk, Vinhomes.
Một số ngân hàng có tỷ lệ nữ nhân sự cao, nhưng nữ quản lý lại thấp dưới 50% là LPBank (32,8%), MB (45%) và HDBank (43%).  Điều này cho thấy mặc dù ngành tài chính - ngân hàng thu hút một lượng lớn nhân sự nữ, con đường tiến tới các vị trí lãnh đạo cao nhất của họ vẫn còn nhiều thách thức hơn so với các đồng nghiệp nam.
Nhìn rộng ra toàn thị trường, trong báo cáo ""Giới và thị trường lao động ở Việt Nam"" của Tổ chức Lao động Quốc tế (ILO) năm 2021 cho biết, Việt Nam có tỷ lệ phụ nữ tham gia lực lượng lao động rất cao so với thế giới (trên 70%).
Tuy nhiên, phụ nữ Việt Nam vẫn phải đối mặt với sự bất bình đẳng về cơ hội và gánh vác ""trách nhiệm kép"" khi phải dành thời gian cho công việc không lương tại nhà nhiều hơn nam giới gấp đôi. Điều này ảnh hưởng trực tiếp đến sự phát triển nghề nghiệp của họ. ILO nhấn mạnh rằng dù phụ nữ chiếm gần một nửa lực lượng lao động, họ chỉ đảm nhận khoảng 1/4 các vị trí lãnh đạo, quản lý chung trên toàn thị trường."
13,(02/10/2025 00:00),"BID: HĐQT thông qua việc cấp hạn mức đối với Keb Hana Bank Co.,LTD",https://cafef.vn/du-lieu/BID-2309117/bid-hdqt-thong-qua-viec-cap-han-muc-doi-voi-keb-hana-bank-coltd.chn?utm_source=du-lieu,
14,(02/10/2025 00:00),BID: Quyết định về việc chấm dứt hoạt động Chi nhánh Bình Hưng,https://cafef.vn/du-lieu/BID-2309264/bid-quyet-dinh-ve-viec-cham-dut-hoat-dong-chi-nhanh-binh-hung.chn?utm_source=du-lieu,
15,(01/10/2025 00:00),"BID: Nghị quyết HĐQT thông qua hợp đồng, giao dịch làm đại lý quản lý tài sản bảo đảm tại Lào giữa BIDV và NH Liên doanh Lào Việt",https://cafef.vn/du-lieu/BID-2308281/bid-nghi-quyet-hdqt-thong-qua-hop-dong-giao-dich-lam-dai-ly-quan-ly-tai-san-bao-dam-tai-lao-giua-bidv-va-nh-lien-doanh-lao-viet.chn?utm_source=du-lieu,
16,(01/10/2025 00:00),BID: Nghị quyết HĐQT về việc giao dịch với bên có liên quan,https://cafef.vn/du-lieu/BID-2308284/bid-nghi-quyet-hdqt-ve-viec-giao-dich-voi-ben-co-lien-quan.chn?utm_source=du-lieu,
17,(01/10/2025 00:00),BID: Công bố thông tin các nội dung liên quan đến chi trả cổ tức bằng tiền mặt,https://cafef.vn/du-lieu/BID-2308410/bid-cong-bo-thong-tin-cac-noi-dung-lien-quan-den-chi-tra-co-tuc-bang-tien-mat.chn?utm_source=du-lieu,
18,(01/10/2025 00:00),BID: Quyết định về việc chấm dứt hoạt động Chi nhánh Thành Nam,https://cafef.vn/du-lieu/BID-2308412/bid-quyet-dinh-ve-viec-cham-dut-hoat-dong-chi-nhanh-thanh-nam.chn?utm_source=du-lieu,
19,(26/09/2025 00:00),BID: Thông báo về việc chấm dứt hoạt động đối với 06 chi nhánh và chuyển 04 chi nhánh thành PGD,https://cafef.vn/du-lieu/BID-2305525/bid-thong-bao-ve-viec-cham-dut-hoat-dong-doi-voi-06-chi-nhanh-va-chuyen-04-chi-nhanh-thanh-pgd.chn?utm_source=du-lieu,
20,(23/09/2025 00:00),BID: Quyết định về việc thay đổi địa chỉ trụ sở Chi nhánh và các PGD trực thuộc - Chi nhánh Hà Giang,https://cafef.vn/du-lieu/BID-2302517/bid-quyet-dinh-ve-viec-thay-doi-dia-chi-tru-so-chi-nhanh-va-cac-pgd-truc-thuoc-chi-nhanh-ha-giang.chn?utm_source=du-lieu,
21,(11/09/2025 00:00),BID: Quyết định của NHNN về việc sửa đổi nội dung địa chỉ trụ sở chính tại Giấy phép thành lập và hoạt động,https://cafef.vn/du-lieu/BID-2293896/bid-quyet-dinh-cua-nhnn-ve-viec-sua-doi-noi-dung-dia-chi-tru-so-chinh-tai-giay-phep-thanh-lap-va-hoat-dong.chn?utm_source=du-lieu,
22,(11/09/2025 00:00),BID: HĐQT thông qua phụ lục hợp đồng đại lý bảo hiểm năm 2025 với BML,https://cafef.vn/du-lieu/BID-2294400/bid-hdqt-thong-qua-phu-luc-hop-dong-dai-ly-bao-hiem-nam-2025-voi-bml.chn?utm_source=du-lieu,
23,(11/09/2025 00:00),BID: HĐQT thông qua hợp đồng thuê thêm diện tích trụ sở CN Hoàn Kiếm,https://cafef.vn/du-lieu/BID-2294401/bid-hdqt-thong-qua-hop-dong-thue-them-dien-tich-tru-so-cn-hoan-kiem.chn?utm_source=du-lieu,
24,(11/09/2025 00:00),BID: Ủy quyền cho ông Trần Long - Phó tổng giám đốc công bố thông tin từ 1.9.2025,https://cafef.vn/du-lieu/BID-2294506/bid-uy-quyen-cho-ong-tran-long-pho-tong-giam-doc-cong-bo-thong-tin-tu-192025.chn?utm_source=du-lieu,
25,(25/08/2025 08:08),"Công bố 200 doanh nghiệp nộp ngân sách lớn nhất Việt Nam: Tổng nộp 794.000 tỷ đồng, Vingroup thu hẹp khoảng cách với vị trí số 1 của PetroVietnam",https://cafef.vn/cong-bo-200-doanh-nghiep-nop-ngan-sach-lon-nhat-viet-nam-tong-nop-794000-ty-dong-vingroup-thu-hep-khoang-cach-voi-vi-tri-so-1-cua-petrovietnam-188250824225436112.chn?utm_source=du-lieu,"Nối tiếp danh sách PRIVATE 100 được công bố cách đây một tuần, CafeF tiếp tục công bố danh sách VNTAX 200 – Top 200 doanh nghiệp nộp ngân sách lớn nhất Việt Nam năm 2025 (dựa trên số thực nộp của năm 2024).
Đây là năm thứ 2 danh sách được xây dựng, sau lần đầu tiên được công bố cách đây 1 năm. PRIVATE 100 cùng với VNTAX 200 nằm trong hệ thống vinh danh CafeF Lists, tôn vinh các doanh nghiệp có đóng góp ngân sách lớn nhất cho Việt Nam, ghi nhận vai trò quan trọng của các doanh nghiệp này trong công cuộc phát triển kinh tế và tinh thần phụng sự xã hội.
Trong đó, PRIVATE 100 là danh sách vinh danh riêng cho khối doanh nghiệp tư nhân với mức nộp ngân sách từ 100 tỷ đồng trở lên còn VNTAX 200 là danh sách quy tụ tất cả các doanh nghiệp có mức nộp ngân sách trong năm tài chính từ 200 tỷ đồng trở lên (bao gồm cả các doanh nghiệp nhà nước, tư nhân, FDI, liên doanh).
Với tổng cộng hàng trăm nghìn tỷ đồng đóng góp từ các doanh nghiệp hàng đầu, đây là bảng vinh danh nộp ngân sách duy nhất phản ánh toàn diện mức độ đóng góp của doanh nghiệp trên mọi lĩnh vực kinh tế.
Với quy mô lớn hơn, mức nộp ngân sách tối thiểu để vào danh sách chung của VNTAX 200 cũng như các danh sách ngành liên quan ở mức tối thiểu 200 tỷ đồng trở lên. Danh sách công bố năm 2024 được thống kê theo số liệu thực nộp trong niên độ tài chính (12 tháng) kết thúc vào các thời điểm trong khoảng thời gian từ 30/6/2024 đến 31/3/2025.
Nếu như trong danh sách doanh nghiệp tư nhân chỉ có gần 50 doanh nghiệp nộp ngân sách trên 1.000 tỷ đồng thì ở VNTAX 200, hiện đã có 125 doanh nghiệp. Trong đó, có 17 công ty nộp trên 10.000 tỷ đồng – theo danh sách hiện đã thu thập được.
Tổng nộp ngân sách của 200 doanh nghiệp trong danh sách VNTAX200 đạt 794.000 tỷ đồng, tăng 109.000 tỷ so với danh sách năm ngoái.
Trong đó, Top 100 doanh nghiệp dẫn đầu nộp 723.000 tỷ đồng – gấp 3 lần so với mức nộp 244.000 tỷ đồng của Top 100 doanh nghiệp tư nhân nộp ngân sách lớn nhất thuộc danh sách PRIVATE 100. Cũng chỉ có 36 đại diện của khối tư nhân góp mặt trong số 100 doanh nghiệp lớn nhất của VNTAX 200.
Điều này cho thấy các doanh nghiệp nhà nước và doanh nghiệp FDI vẫn là những đơn vị có đóng góp rất lớn vào nguồn thu ngân sách.
Trong Top 200, nếu một tập đoàn có nhiều công ty mẹ - công ty con cùng đạt tiêu chuẩn thì chỉ duy nhất công ty mẹ được tính thứ hạng. Vì lý do này, nhiều doanh nghiệp có mức nộp lên đến cả nghìn tỷ hay chục nghìn tỷ như Vinhomes (công ty con của Vingroup) hay PVEP, BSR, PV GAS… (công ty con của PVN) không có thứ hạng mà sẽ được đặt cạnh công ty mẹ.
Trong Top 10 bao gồm 4 tập đoàn nhà nước (PVN, Viettel, Petrolimex và Vinacomin), 4 doanh nghiệp FDI (Heineken, NSRP, Toyota và Vietsovpetro) cùng 2 doanh nghiệp tư nhân là Vingroup và THACO. Tất cả các đại diện trong Top 10 đều có mức nộp ngân sách trên 20.000 tỷ đồng.
Tổng cộng, chỉ riêng 10 doanh nghiệp dẫn đầu đã nộp 362.000 tỷ đồng, chiếm 45% tổng nộp của Top 200 doanh nghiệp.
Nếu như năm ngoái cả 3 vị trí dẫn đầu đều là các tập đoàn nhà nước thì năm nay Vingroup đã bứt phá ngoạn mục lên vị trí thứ 2, chỉ sau tập đoàn Công nghiệp – Năng lượng quốc gia Việt Nam (PetroVietnam).
Mức nộp của Vingroup đã tăng gần 25.300 tỷ so với năm 2023 lên 56.200 tỷ đồng. Trong đó, Vinhomes (bao gồm số nộp từ dự án Vinhomes Global Gate) - công ty thành viên của Vingroup trong lĩnh vực phát triển bất động sản - đã nộp 40.100 tỷ đồng trong năm ngoái.
Dù không duy trì mức nộp lớn như 2 năm trước nhưng PetroVietnam vẫn tiếp tục là đơn vị đóng góp lớn nhất vào ngân sách với 77.400 tỷ đồng. Mức nộp của PetroVietnam thậm chí còn lớn hơn tổng mức nộp của 100 doanh nghiệp có thứ hạng từ 101 đến 200.
Đây là số nộp của PetroVietnam và các công ty con. Còn nếu tính toàn bộ cả các công ty có liên quan thì tổng mức nộp của cả hệ thống PetroVietnam lên đến 165.000 tỷ đồng.
Các vị trí từ thứ 11-20 có một số cái tên đáng chú ý như EVN, Vinataba, TC Group, Hòa Phát, Sabeco, Vietcombank, Agribank…
Ngành dầu khí – xăng dầu: có tới 4 đại diện trong Top 10, bao gồm PetroVietnam cùng 2 đơn vị liên doanh Lọc hóa dầu Nghi Sơn (NSRP), Vietsovpetro và Tập đoàn Xăng dầu Việt Nam (Petrolimex).
Các doanh nghiệp hàng đầu lĩnh vực ô tô, bia rượu vẫn luôn là những đơn vị nộp ngân sách lớn từ nhiều năm nay.
Ngành ngân hàng: nhóm Big4 ngân hàng quốc doanh vẫn là những đơn vị nộp ngân sách lớn nhất tuy vậy khoảng cách với những ngân hàng tư nhân top đầu là không nhiều.Năm ngoái, Agribank nộp ngân sách xấp xỉ 9.000 tỷ đồng, tăng gần 80% so với năm 2023, qua đó là đơn vị có tốc độ tăng trưởng nộp ngân sách lớn nhất trong khối quốc doanh.
Ở nhóm ngân hàng tư nhân, một số đơn vị như LPBank, SHB, TPBank cũng đang vươn lên trở thành những đơn vị có mức nộp ngân sách lớn trong ngành. Đặc biệt, LPBank đã ghi dấu ấn với mức nộp ngân sách cao và ổn định, đóng góp tích cực vào ngân sách nhà nước nhờ chiến lược kinh doanh bền vững và hiệu quả.
Năm 2024, lợi nhuận của LPBank và SHB đều bứt phá, đạt lần lượt là gần 12.200 tỷ và 11.500 tỷ đồng – lần đầu vượt qua cột mốc 10.000 tỷ đồng. Nửa đầu 2025, lợi nhuận của SHB tiếp tục tăng 30% lên 8.900 tỷ đồng.
Trong lĩnh vực tài chính, bên cạnh ngân hàng thì bảo hiểm và chứng khoán cũng là những lĩnh vực có tốc độ tăng trưởng nộp ngân sách lớn.
Trong số các doanh nghiệp bảo hiểm nhân thọ top đầu ở trên thị trường, AIA Việt Nam, một thành viên của Tập đoàn AIA, là một trong những doanh nghiệp có tiềm lực tài chính mạnh nhất và hoạt động kinh doanh ổn định, đều đặn nộp ngân sách lớn. Trong 2 năm gần nhất, AIA đều nộp ngân sách nhà nước hơn 600 tỷ đồng mỗi năm.
Lĩnh vực công nghệ - viễn thông, bên cạnh những tập đoàn nhà nước như Viettel, VNPT thì các doanh nghiệp tư nhân như FPT, VNG Group hay MoMo cũng đang vươn mình mạnh mẽ để mở rộng hoạt động kinh doanh, qua đó cũng ngày càng đóng góp nhiều hơn vào ngân sách.
Bên cạnh VNG Group tiên phong với chiến lược AI mang tầm quốc tế, MoMo được đánh giá là một đại diện nổi bật với vai trò là nền tảng fintech dẫn đầu thị trường, thúc đẩy thói quen thanh toán không tiền mặt, ứng dụng AI vào tài chính và đồng hành cùng sứ mệnh bình dân hóa dịch vụ tài chính, hỗ trợ ổn định hệ thống tài chính, góp phần vào tiến trình chuyển đổi số quốc gia.
Bất động sản – xây dựng là ngành lớn hiếm hoi mà các doanh nghiệp tư nhân có mức nộp ngân sách áp đảo so với khối doanh nghiệp nhà nước hay FDI. Trong số gần 20 đơn vị có mức nộp trên 1.000 tỷ đồng chỉ có 2 đại diện của doanh nghiệp nhà nước và 1 doanh nghiệp FDI.
Với vị thế là một trong những đơn vị đứng đầu ngành xây dựng, Công ty Cổ phần Xây dựng Coteccons cũng đã nộp ngân sách gần 300 tỷ đồng trong năm tài chính kết thúc ngày 30/6/2024.
Theo kết quả kinh doanh quý IV năm tài chính 2025 vừa được công bố mới đây, Coteccons đã ghi nhận kết quả kinh doanh ấn tượng với doanh thu thuần quý IV đạt gần 8.351 tỷ đồng và lợi nhuận sau thuế quý IV năm tài chính 2025 đạt 196 tỷ đồng, gấp 2,8 lần cùng kỳ năm trước. Lũy kế cả năm ước đạt 454 tỷ đồng, tăng 46,6% so với năm trước. Cùng với sự tăng trưởng của hoạt động kinh doanh, mức nộp ngân sách của Coteccons cũng đã tăng hơn 30% lên gần 400 tỷ đồng.
CafeF Lists 2025 đánh dấu sự trở lại với 2 bảng vinh danh uy tín:
PRIVATE 100 – Top doanh nghiệp tư nhân nộp ngân sách từ 100 tỷ đồng trở lên
VNTAX 200 – Top doanh nghiệp có mức nộp ngân sách trong năm tài chính từ 200 tỷ đồng trở lên
Đây là danh sách được CafeF thu thập từ những nguồn công khai hoặc các số liệu có thể xác thực, phản ánh toàn bộ số thực nộp ngân sách của doanh nghiệp, bao gồm các khoản thuế, phí, các khoản phải nộp. Việc tổng hợp dữ liệu công khai, chính xác, minh bạch không chỉ ghi nhận đóng góp tài chính của các doanh nghiệp mà còn lan tỏa tinh thần trách nhiệm xã hội, khẳng định vị thế của doanh nghiệp trong nền kinh tế.
Một số doanh nghiệp tiêu biểu trong danh sách năm 2025, thể hiện số thực nộp của năm tài chính 2024, có thể kể đến như Agribank; ACB; AIA; BIM Group; Coteccons; HDBank; LPBank; LOF; Masan Group; MoMo; OCB; PNJ; SHB; Tasco; Tập đoàn DOJI; Tập đoàn Nam Long; Tập đoàn Hoa Sen; TCBS; Techcombank; TPBank; Vingroup; VPBank; Vinamilk; VNG Group; VPS; VIMID"
26,(22/08/2025 00:00),BID: Quyết định của HĐQT số 897 ngày 22/08/2025,https://cafef.vn/du-lieu/BID-2281585/bid-quyet-dinh-cua-hdqt-so-897-ngay-22082025.chn?utm_source=du-lieu,
27,(21/08/2025 00:00),BID: HĐQT thông qua hợp đồng/giao dịch liên quan đến CTCP Đầu tư và Phát triển Ngân Lực,https://cafef.vn/du-lieu/BID-2281403/bid-hdqt-thong-qua-hop-donggiao-dich-lien-quan-den-ctcp-dau-tu-va-phat-trien-ngan-luc.chn?utm_source=du-lieu,
28,(20/08/2025 00:05),Lần đầu tiên trong lịch sử Việt Nam có 10 ngân hàng vốn hóa trên 100.000 tỷ,https://cafef.vn/lan-dau-tien-trong-lich-su-viet-nam-co-10-ngan-hang-von-hoa-tren-100000-ty-188250819225033748.chn?utm_source=du-lieu,"Thị trường chứng khoán Việt Nam đang trải qua một trong những giai đoạn tưng bừng nhất lịch sử khi liên tục tăng mạnh với thanh khoản bùng nổ. VN-Index tăng gần 390 điểm (+30%) từ đầu năm qua đó leo lên 1.654 điểm, mức giá đóng cửa cao nhất từ trước đến nay. Vốn hóa toàn thị trường cũng theo đó lập kỷ lục mới, xấp xỉ 9 triệu tỷ đồng.
Động lực thúc đẩy thị trường đi lên mạnh mẽ chủ yếu đến từ nhóm vốn hóa lớn. Tính đến hết phiên 19/8, toàn thị trường có 23 cổ phiếu vốn hóa trên 100.000 tỷ, con số kỷ lục trong lịch sử. Tổng vốn hóa của nhóm này lên đến gần 5 triệu tỷ đồng, chiếm quá nửa giá trị của toàn sàn chứng khoán Việt Nam.
Xét về mặt cơ cấu, trong danh sách 23 cổ phiếu vốn hóa trên 100.000 tỷ chỉ có 2 đại diện đến từ UPCoM là Viettel Global (VGI) và ACV trong khi HNX không có cái tên nào góp mặt. 21 cổ phiếu còn lại trên HoSE đều là những tên tuổi đầu ngành trong các lĩnh vực trọng yếu như ngân hàng, bất động sản, sản xuất công nghiệp, công nghệ, bán lẻ,…
Đáng chú ý, nhóm cổ phiếu ngân hàng vẫn áp đảo cả về số lượng và tỷ trọng trong câu lạc bộ 100.000 tỷ khi có đến 10 cái tên góp mặt,  gồm Vietcombank, BIDV, VietinBank, Techcombank, VPBank, MB, ACB, LPBank, HDBank và Sacombank. Các cổ phiếu ngân hàng, đặc biệt là nhóm tư nhân đã trỗi dậy mạnh mẽ với mức tăng hàng chục % trong thời gian ngắn.
Màu vàng là nhóm ngân hàng
Nhìn chung, nhóm ngân hàng đang có nhiều chủ đề hấp dẫn. Đầu tiên là câu chuyện liên quan đến room tín dụng. Trong Công điện số 128/CĐ-TTg ngày 6/8/2025, Thủ tướng Chính phủ yêu cầu Ngân hàng Nhà nước (NHNN) khẩn trương xây dựng có lộ trình và thí điểm việc gỡ bỏ biện pháp giao chỉ tiêu tăng trưởng tín dụng để thực hiện từ năm 2026.
Tiếp theo là chủ đề liên quan đến tỷ lệ dự trữ bắt buộc. Ngày 12/8, Thống đốc NHNN ban hành Thông tư 23 sửa đổi Thông tư 30, cho phép tổ chức tín dụng nhận chuyển giao bắt buộc ngân hàng được kiểm soát đặc biệt, được giảm 50% tỷ lệ dự trữ bắt buộc theo phương án chuyển giao bắt buộc đã được phê duyệt. Đồng thời, đơn vị tham gia quản trị, điều hành, hỗ trợ hoạt động tài chính cho ngân hàng được kiểm soát đặc biệt - cũng được hưởng cơ chế tương tự.
Trước đó, 4 nhà băng chính thức nhận chuyển giao bắt buộc 4 ngân hàng yếu kém. Trong đó, Vietcombank nhận CBBank, đổi tên thành ngân hàng số VCBNeo. HDBank nhận DongABank, chuyển thành ngân hàng số Vikki Bank. MB nhận chuyển giao Oceanbank, đổi thành ngân hàng số MBV. Còn GPBank chuyển giao về VPBank.
Một chủ đề đầu tư đang thu hút sự chú ý thời gian gần đây là xu hướng các ngân hàng IPO các công ty chứng khoán thành viên. Mới nhất, VPBankS đang có kế hoạch sẽ IPO ngay trong quý 4 năm nay. Trước đó, TCBS đã mở đăng ký mua cổ phiếu IPO từ 19/08 sau khi được cổ đông thông qua và dự kiến sẽ niêm yết trên sàn chứng khoán cuối năm nay.
Cuộc chơi mới trong lĩnh vực blockchain, tài sản số
Ngoài những chủ đề trên, nhóm ngân hàng còn đang được chú ý với cuộc chơi mới đầy tiềm năng trong lĩnh vực blockchain, tài sản số.
Trong đó, MB mới đây đã ký biên bản ghi nhớ hợp tác kỹ thuật với Dunamu, đơn vị vận hành nền tảng tiền điện tử Upbit của Hàn Quốc vào ngày 12/8/2025. Thỏa thuận này tập trung vào chia sẻ công nghệ, hạ tầng, kinh nghiệm để phát triển giải pháp tài sản số tại Việt Nam. Dunamu dự kiến sẽ hỗ trợ xây dựng sàn giao dịch tiền mã hóa trong nước, tư vấn khung pháp lý, cơ chế bảo vệ nhà đầu tư và các tiêu chuẩn quốc tế như FATF.
Techcombank cũng không đứng ngoài xu thế. Chủ tịch HĐQT TCB Hồ Hùng Anh từng khẳng định việc tham gia vào các lĩnh vực như blockchain và xây dựng sàn giao dịch tài sản số là xu thế tất yếu trong chiến lược chuyển đổi số của ngân hàng. Ông nhấn mạnh: ""Với các cơ hội mở ra và nếu luật pháp cho phép, TCB đương nhiên muốn tham gia và đóng góp vào việc phát triển, sở hữu các nền tảng công nghệ này"".
Trước đó, tại Diễn đàn quốc gia về doanh nghiệp công nghệ số Việt Nam hồi đầu năm, bà Nguyễn Thị Phương Thảo, Phó chủ tịch thường trực HDBank, cho biết đề xuất nhận và cam kết đầu tư cho nghiên cứu phát triển để làm chủ công nghệ blockchain. Bà cho biết đã xây dựng kế hoạch hành động cho mục tiêu này, với ba nhiệm vụ gồm: đầu tư mạnh vào blockchain; hợp tác với đối tác trong và ngoài nước để nâng cao năng lực, đẩy nhanh tốc độ chuyển đổi số; tạo động lực bằng cách kêu gọi nhân viên, đối tác cùng thực hiện sứ mệnh.
Nhìn chung, tài sản số đang là xu hướng đầu tư thịnh hành trên toàn cầu và Việt Nam cũng sẽ không ngoại lệ. Quốc hội đã chính thức thông qua Luật Công nghiệp Công nghệ số tại kỳ họp thứ 9 hồi giữa tháng 6 năm ngoái, đánh dấu lần đầu tiên khái niệm tài sản số, tài sản mã hóa được đưa vào luật. Trung tâm tài chính quốc tế đang được triển khai tại Đà Nẵng là một phần không thế thiếu trong quá trình xây dựng thị trường tài sản số."
29,(12/08/2025 00:00),BID: Quyết định về việc thay đổi địa chỉ trụ sở Chi nhánh Quy Nhơn,https://cafef.vn/du-lieu/BID-2269642/bid-quyet-dinh-ve-viec-thay-doi-dia-chi-tru-so-chi-nhanh-quy-nhon.chn?utm_source=du-lieu,
30,(07/08/2025 17:36),BID: Quyết định về việc thay đổi địa chỉ đặt trụ sở Chi nhánh và địa chỉ đặt trụ sở Phòng GD Trấn Biên - CN Biên Hòa,https://cafef.vn/du-lieu/BID-2265518/bid-quyet-dinh-ve-viec-thay-doi-dia-chi-dat-tru-so-chi-nhanh-va-dia-chi-dat-tru-so-phong-gd-tran-bien-cn-bien-hoa.chn?utm_source=du-lieu,
31,(02/08/2025 09:13),"20 doanh nghiệp niêm yết lãi lớn nhất 6T2025: 60% là ngân hàng, 15% là bất động sản, chỉ có 1 DN sản xuất",https://cafef.vn/20-doanh-nghiep-niem-yet-lai-lon-nhat-6t2025-60-la-ngan-hang-15-la-bat-dong-san-chi-co-1-dn-san-xuat-188250802085619235.chn?utm_source=du-lieu,"Khép lại 6 tháng đầu năm 2025, bức tranh lợi nhuận của các doanh nghiệp niêm yết đã có những điểm sáng đáng chú ý.
Ngành ngân hàng tiếp tục khẳng định vị thế khi có nhiều cái tên lọt vào top đầu. Cụ thể, có tới 7 ngân hàng trong top 10 và 12 ngân hàng trong top 20.
Với mức lãi trước thuế đạt 21.894 tỷ đồng, tăng 5% so với cùng kỳ năm ngoái, Vietcombank tiếp tục dẫn đầu lợi nhuận khối ngân hàng và giữ vị trí quán quân trên bảng xếp hạng.
VietinBank tăng 46%, lợi nhuận trước thuế đạt 18.920 tỷ đồng. Chỉ tính riêng quý 2, lợi nhuận trước thuế của VietinBank tăng 79% đạt 12.097 tỷ đồng, vượt qua Vietcombank là ngân hàng lãi lớn nhất quý.
Ngân hàng có mức tăng tốt nhất trong 6 tháng đầu năm là SeABank với 81%.
Bên cạnh đó, những gương mặt quen thuộc khác trong khối ngân hàng vẫn xuất hiện trên bảng xếp hạng: BIDV, MBBank, Techcombank...
Đứng ở vị trí á quân của 6 tháng 2025 là doanh nghiệp của tỷ phú Phạm Nhật Vượng -  CTCP Trung tâm Hội chợ Triển lãm Việt Nam (VEFAC, VEF) với mức tăng trưởng vượt trội 8.341%. Nguyên nhân chủ yếu nhờ vào việc chuyển nhượng một phần Dự án Vinhomes Global Gate trong quý 1.
Cụ thể, vào ngày 12/3, ﻿VEFAC đã đã nhận được Quyết định của UBND Thành phố Hà Nội cho phép chuyển nhượng một phần Dự án Vinhomes Global Gate cho CTCP Thời đại mới T&T. Doanh thu từ chuyển nhượng một phần dự án Vinhomes Global Gate là 44.560 tỷ đồng.
Lợi nhuận trước thuế của VinHomes là 12,945 tỷ đồng, giảm 5% so với cùng kỳ 2024 nhưng vẫn xếp ở vị trí thứ 5 trên bảng xếp hạng.
Doanh nghiệp còn lại trong top 10 là Vingroup (VIC) với lợi nhuận trước thuế đạt 11.044 tỷ đồng, mức tăng trưởng 68%.
PV Gas ghi nhận lợi nhuận trước thuế trong 6 tháng đầu năm đạt 9.410 tỷ đồng, xếp thứ 13 trong bảng xếp hạng.
Vua thép Hòa Phát (HPG) đứng vị trí thứ 15 với lợi nhuận trước thuế được ghi nhận là 8.812 tỷ đồng, tăng 26%.
Ông trùm sân bay ACV đứng thứ 18 với lợi nhuận trước thuế là 7.078 tỷ đồng.
Vietnam Airlines (HVN) ghi nhận lãi trước thuế 6.683 tỷ đồng, tăng 19% so với cùng kỳ và đứng vị trí thứ 19. Theo sau đó là FPT ở vị trí thứ 20 với mức lãi trước thuế 6.166 tỷ đồng, tăng 19%."
32,(29/07/2025 00:00),BID: Báo cáo tình hình quản trị công ty 06 tháng đầu năm 2025,https://cafef.vn/du-lieu/BID-2271752/bid-bao-cao-tinh-hinh-quan-tri-cong-ty-06-thang-dau-nam-2025.chn?utm_source=du-lieu,
33,(21/07/2025 00:00),BID: Báo cáo tình hình thanh toán gốc lãi trái phiếu 6 tháng đầu năm 2025,https://cafef.vn/du-lieu/BID-2253174/bid-bao-cao-tinh-hinh-thanh-toan-goc-lai-trai-phieu-6-thang-dau-nam-2025.chn?utm_source=du-lieu,
34,(16/07/2025 00:00),BID: Quyết định của TGĐ về việc thay đổi địa điểm đặt trụ sở Chi nhánh Phú Xuân,https://cafef.vn/du-lieu/BID-2247258/bid-quyet-dinh-cua-tgd-ve-viec-thay-doi-dia-diem-dat-tru-so-chi-nhanh-phu-xuan.chn?utm_source=du-lieu,
35,(07/07/2025 00:00),BID: Quyết định về việc phê duyệt thay đổi mẫu con dấu,https://cafef.vn/du-lieu/BID-2240323/bid-quyet-dinh-ve-viec-phe-duyet-thay-doi-mau-con-dau.chn?utm_source=du-lieu,
36,(04/07/2025 00:00),BID: CBTT thay đổi địa chỉ trụ sở các chi nhánh,https://cafef.vn/du-lieu/BID-2239406/bid-cbtt-thay-doi-dia-chi-tru-so-cac-chi-nhanh.chn?utm_source=du-lieu,
37,(02/07/2025 07:03),"Cuộc đua vốn hóa 25 năm: Một công ty thủy điện từng giữ ngôi vua trước khi những 'gã khổng lồ' FPT, Vinamilk, Vietcombank 'tràn' lên sàn",https://cafef.vn/cuoc-dua-von-hoa-25-nam-mot-cong-ty-thuy-dien-tung-giu-ngoi-vua-truoc-khi-nhung-ga-khong-lo-fpt-vinamilk-vietcombank-tran-len-san-188250702070405395.chn?utm_source=du-lieu,"Tháng 7 năm 2025 đánh dấu một phần tư thế kỷ kể từ khi thị trường chứng khoán Việt Nam chính thức đi vào hoạt động.
Cụ thể, ngày 28/7/2000 thị trường chứng khoán Việt Nam chính thức giao dịch với chỉ 2 cổ phiếu - SAM của CTCP Đầu tư và Phát triển  Sacom (giờ đổi tên thành CTCP SAM Holdings) và REE của CTCP Cơ điện lạnh. Cho đến hết năm 2000 thị trường chứng khoán Việt Nam cũng chỉ có thêm 3 cổ phiếu khác giao dịch.
Năm 2005, Sở Giao dịch chứng khoán Hà Nội (HNX) ra đời, tiếp đó UPCoM được triển khai, mở rộng kênh giao dịch cho doanh nghiệp ngoài sàn HoSE.
Trong giai đoạn từ năm 2001 đến đầu năm 2006 này, thị trường chứng khoán Việt Nam không nhiều biến chuyển, có thêm nhiều doanh nghiệp lớn bắt đầu giao dịch như CTCP Gemadept - GMD (tháng 4/2002), CTCP Thủy điện Vĩnh Sơn - Sông Hinh - VSH (tháng 7/2005), Tập đoàn KIDO - KDC (tháng 12/2005), Sacombank - STB (tháng 7/2006)...
Vĩnh Sơn Sông Hinh (VSH) vào năm 2005 chính là doanh nghiệp lớn nhất sàn chứng khoán với vốn hóa 16.000 tỷ. Doanh nghiệp thủy điện này lên sàn vào ngày 14/7/2005 với khối lượng cổ phiếu ""khổng lồ"" khi đó là 125 triệu đơn vị. Chốt phiên giao dịch cuối năm tại giá 48.500 đồng/cp (giá chưa điều chỉnh).
Đặc biệt là vào tháng 1/2006, cổ phiếu của Vinamilk - VNM lên sàn khiến giá trị vốn hóa của của HOSE tăng gấp đôi trong ngày, nhiều năm sau đó, Vinamilk vẫn luôn nằm trong nhóm có vốn hóa cao.
Bước ngoặt quan trọng đến với thị trường chứng khoán diễn ra vào ngày 7/11/2006 khi Việt Nam chính thức gia nhập tổ chức Tổ chức Thương mại Thế giới (WTO). Sau cột mốc này, thị trường chứng khoán Việt Nam bùng nổ doanh nghiệp lên sàn niêm yết vào tháng 11 và tháng 12/2006 như ACB, SSI, PVD (PV Drilling)...
Trong đó, ngày 13/12/2006, FPT lên sàn với giá đóng cửa phiên đầu tiên lên tới 400.000 đồng/cp, trong hơn nửa tháng giao dịch, tới cuối năm 2006, FPT đã trở thành doanh nghiệp lớn nhất sàn với vốn hóa 28.000 tỷ đồng. ﻿Tại ngày 30/6, FPT là doanh nghiệp có vốn hóa lớn thứ 9 toàn thị trường với 175.000 tỷ đồng.
Top TTCK 4
Vingroup lên sàn tháng 9/2007 và đã nhanh chóng trở thành một trong những doanh nghiệp có quy mô vốn hóa lớn nhất trên thị trường. Trong giai đoạn 6 năm liền, từ 2015-2022, Vinamilk và Vingroup đã thay nhau đứng vị trí số 1 về vốn hóa. Hiện nay, Vingroup đang là doanh nghiệp có vốn hóa lớn thứ 2 thị trường với hơn 365.000 tỷ đồng.
Năm 2009, thị trường chứng khoán Việt Nam đón nhận thêm loạt tổ chức tài chính lớn lên sàn như Vietcombank - VCB (tháng 6/2009), Tập đoàn Bảo Việt - BVH (tháng 6/2009), VietinBank - CTG (tháng 7/2009), Eximbank - EIB (tháng 10/2009)... Masan Group cũng lên sàn vào tháng 11/2009. Ngân hàng còn lại trong 3 trong số 4 Big 4 ngân hàng đã lên sàn là BIDV chính thức giao dịch vào tháng 1/2014 với mã cổ phiếu BID.
Các ngân hàng liên tục nắm giữ nhiều vị trí trong top 10 trong nhiều năm liền. Đặc biệt, Vietcombank đã nắm giữ vị trí top 1 vốn hóa kể từ năm 2021 đến bây giờ. Tại ngày 30/6/2025, giá trị vốn hóa của Vietcombank hơn 476.000 tỷ đồng.
Trong top 10 doanh nghiệp có vốn hóa lớn nhất thị trường tại ngày 30/6, ngoài top 2 của Vingroup, vị trí thứ 3 và thứ 10 thuộc về ﻿2 doanh nghiệp khác thuộc họ Vin là Vinhomes (315.000 tỷ) và Vinpearl (gần 170.000 tỷ).
Vị trí 4,5,6 lần lượt thuộc về 3 ngân hàng là BIDV (255.000 tỷ), Techcombank (243.000 tỷ), và VietinBank (225.000 tỷ). Sau đó là Viettel Global ở vị trí thứ 7 và ACV ở vị trí thứ 8.
Tính đến hiện nay, có hơn 50 doanh nghiệp có vốn hóa thị trường trên 1 tỷ USD.﻿ Một số cái tên nổi bật trong đó có thể kể đến như Masan Group vốn hóa hơn 108.000 tỷ đồng, Eximbank vốn hóa 42.000 tỷ đồng, SSI vốn hóa hơn 48.000 tỷ đồng, Gelex với vốn hóa hiện tại hơn 33.000 tỷ đồng...
Dự kiến từ quý3/2025 đến quý 1/2026, thị trường đón 'bom tấn' mới khi Công ty Cổ phần Chứng khoán Kỹ Thương (Techcom Securities - TCBS) chào bán 231 triệu cổ phiếu lần đầu ra công chúng (IPO), tương đương 11,1% vốn. Vốn điều lệ sẽ tăng từ 20.801 tỷ đồng lên 23.113 tỷ đồng.
25 năm – Thời điểm vươn mình là hành trình ghi dấu những bước ngoặt lịch sử của thị trường chứng khoán Việt Nam. Trong dòng chảy phát triển ấy, không thể không nhắc đến sự đồng hành và đóng góp quan trọng của các tổ chức, doanh nghiệp tiêu biểu như: Eximbank, Gelex, HDBank, Masan, Nhất Việt, Pinetree, SSI, TCBS và VNDIRECT…"
38,(02/07/2025 00:00),BID: CBTT thay đổi địa chỉ trụ sở các chi nhánh,https://cafef.vn/du-lieu/BID-2236003/bid-cbtt-thay-doi-dia-chi-tru-so-cac-chi-nhanh.chn?utm_source=du-lieu,
39,(27/06/2025 00:00),"BID: Quyết định số 4593, 4594 ngày 26/06/2025",https://cafef.vn/du-lieu/BID-2233340/bid-quyet-dinh-so-4593-4594-ngay-26062025.chn?utm_source=du-lieu,
40,(19/06/2025 11:08),"CTCK dự báo lợi nhuận quý 2 của 11 ngân hàng: Sacombank, VietinBank, MB, VPBank, BIDV có thể tăng trưởng 2 chữ số",https://cafef.vn/ctck-du-bao-loi-nhuan-quy-2-cua-11-ngan-hang-sacombank-vietinbank-mb-vpbank-bidv-co-the-tang-truong-2-chu-so-188250619105742072.chn?utm_source=du-lieu,"Vietcombank Securities (VCBS) vừa công bố báo cáo tổng hợp dự báo KQKD quý 2 và cả năm 2025 của 11 ngân hàng gồm ACB, VietinBank (CTG), HDBank (HDB), TPBank (TPB), MSB, Sacombank (STB), Techcombank (TCB), VIB, VPBank (VPB), BIDV (BID), MB (MBB).
Nhìn chung, VCBS dự báo lợi nhuận trước thuế (LNTT) của các ngân hàng trên đều sẽ tăng trưởng dương trong quý 2 cũng như cả năm 2025. Một số ngân hàng có khả năng tăng trưởng cao trên 10% theo VCBS là VietinBank, MB, BIDV, VPBank, HDBank, MSB và Sacombank.
Với VietinBank , VCBS dự báo LNTT quý 2 và cả năm 2025 có thể tăng trưởng 16% svck nhờ (1) Tăng trưởng tín dụng tương đương mức trung bình ngành đạt 16,9% trong 2025; (2) NIM bắt đầu đà phục hồi trong H2.2025 với động lực đến từ cả chiều huy động và cho vay; (3) Chất lượng tài sản được kiểm soát tốt, một số khách hàng tái cơ cấu hết thời gian thử thách được chuyển về nợ nhóm thấp hơn và sẽ được hoàn nhập trích lập trong Q2.2025.
Với HDBank , VCBS dự báo LNTT của ngân hàng có thể tăng 25% trong quý 2 và 24% trong cả năm 2025 nhờ (1) Tăng trưởng tín dụng cao hơn so với trung bình ngành đến từ mảng cho vay nông nghiệp - nông thôn, sự hồi phục của thị trường BĐS và nhận chuyển giao ngân hàng Đông Á; (2) Áp lực thu hẹp NIM trong năm 2025 được giảm bớt so với mặt bằng chung của ngành.
Với MSB , VCBS dự báo LNTT quý 2 và cả năm 2025 đều sẽ tăng trưởng 16% nhờ (1) Nhu cầu tín dụng ở mức tốt kỳ vọng đạt tốc độ tăng trưởng tín dụng 21,2% cho năm 2025, NIM bắt đầu ghi nhận sự cải thiện từ H2.2025; (2) Chất lượng tài sản cải thiện: tỷ lệ nợ xấu tiếp tục giảm xuống 2% nhờ tín dụng tăng trưởng mạnh mẽ và tăng thu hồi nợ đã xóa; (3) Hoàn thiện hệ sinh thái với các kế hoạch thoái vốn, góp vốn các công ty con: chuyển nhượng một phần hoặc toàn bộ số vốn góp tại TNEX Finance và góp vốn mua công ty chứng khoán, công ty quản lý quỹ.
Với Sacombank , VCBS dự báo LNTT quý 2 và cả năm 2025 có thể tăng trưởng 25% svck nhờ (1) Thu nhập lãi tích cực: Tín dụng kỳ vọng tăng trưởng 14%. NIM dự kiến duy trì mức 3,7% trong năm 2025; (2) Thu nhập ngoài lãi khả quan hơn nhờ thu nhập từ phí và thu hồi nợ xấu đã xóa; (3) Áp lực trích lập dự phòng ở mức thấp trong 2025. Kỳ vọng tiến độ xử lý tài sản tồn đọng sẽ được đẩy nhanh và hoàn thành trong 2025-2026.
Với MB , VCBS dự báo LNTT quý 2 và cả năm 2025 đều tăng trưởng 23% nhờ (1) Tín dụng tăng trưởng trong top cao nhất ngành đạt 27,8% trong 2025; (2) NIM kỳ vọng cải thiện trong H2.2025, thu nhập từ phí dịch vụ khả quan; (3) Chất lượng tài sản kỳ vọng cải thiện.
Với VPBank , LNTT quý 2 và cả năm 2025 được dự báo tăng trưởng lần lượt 12% và 25% nhờ (1) FE Credit tiếp tục duy trì đà tăng trưởng giúp hỗ trợ lợi nhuận hợp nhất của toàn ngân hàng; (2) Hoạt động kinh doanh của các công ty con kỳ vọng giữ mức tăng trưởng khả quan; (3) NIM hợp nhất kỳ vọng có sự cải thiện kể từ H2.2025.
Với BIDV , LNTT quý 2 và cả năm 2025 được dự báo tăng trưởng lần lượt 12% và 14% nhờ (1) Tăng trưởng tín dụng tương đương mức trung bình ngành dự báo đạt 16% và NIM đi ngang ở mức 2,4%; (2) Chất lượng tài sản trong nhóm tốt nhất ngành với áp lực dự phòng thấp; (3) Tăng vốn điều lệ thêm 21.656 tỷ đồng lên gần 91.870 tỷ đồng thông qua việc tăng vốn từ quỹ dự trữ bổ sung vốn điều lệ 7,1%, trả cổ tức tỷ lệ 19,9% và phát hành riêng lẻ tỷ lệ 3,84%."
41,(13/06/2025 00:00),BID: HĐQT thông qua Phụ lục hợp đồng đại lý năm 2025 với BML,https://cafef.vn/du-lieu/BID-2221206/bid-hdqt-thong-qua-phu-luc-hop-dong-dai-ly-nam-2025-voi-bml.chn?utm_source=du-lieu,
42,(12/06/2025 00:00),BID: CBTT sửa đổi điều lệ tổ chức và hoạt động,https://cafef.vn/du-lieu/BID-2220237/bid-cbtt-sua-doi-dieu-le-to-chuc-va-hoat-dong.chn?utm_source=du-lieu,
43,(03/06/2025 00:00),BID: Quyết định của HĐQT số 644 ngày 31/05/2025,https://cafef.vn/du-lieu/BID-2212516/bid-quyet-dinh-cua-hdqt-so-644-ngay-31052025.chn?utm_source=du-lieu,
44,(29/05/2025 00:00),"BID: Quyết định của TGĐ về việc thay đổi tên, địa điểm đặt trụ sở Chi nhánh Mộc Hóa",https://cafef.vn/du-lieu/BID-2211152/bid-quyet-dinh-cua-tgd-ve-viec-thay-doi-ten-dia-diem-dat-tru-so-chi-nhanh-moc-hoa.chn?utm_source=du-lieu,
45,(19/05/2025 00:01),"“MAG-7 chứng khoán Việt Nam”: 4 ngân hàng và 3 cổ phiếu “họ” Vingroup, tổng vốn hóa gần 1,9 triệu tỷ đồng",https://cafef.vn/mag7-chung-khoan-viet-nam-4-ngan-hang-va-3-co-phieu-ho-vingroup-tong-von-hoa-gan-19-trieu-ty-dong-188250518223626178.chn?utm_source=du-lieu,"Magnificent 7 (MAG-7) là cái tên giới đầu tư ưu ái đặt cho nhóm 7 tập đoàn công nghệ khổng lồ bao gồm Apple, Amazon, Alphabet (công ty mẹ Google), Meta (công ty mẹ Facebook), Microsoft, Nvidia và Tesla. Những cổ phiếu này không chỉ có tầm ảnh hưởng lớn đến thị trường chứng khoán Mỹ, mà còn tác động lên toàn cầu.
Tại Việt Nam, 7 công ty niêm yết lớn nhất hiện gồm hai nhóm chủ đạo là ngân hàng (Vietcombank, BIDV, VietinBank, Techcombank) và “họ” Vingroup (Vingroup, Vinhomes, Vinpearl), cũng có sức ảnh hưởng đáng kể lên thị trường chứng khoán.
Tổng giá trị vốn hóa của “MAG-7 chứng khoán Việt Nam” lên đến gần 1,9 triệu tỷ đồng (~74 tỷ USD), chiếm 1/3 toàn sàn HoSE. Với tỷ trọng lớn, biến động của các cổ phiếu này có ảnh hưởng đáng kể đến VN-Index.
Có thể thấy, “MAG-7 chứng khoán Việt Nam” chủ yếu là các cổ phiếu nhóm tài chính ngân hàng và bất động sản. Vingroup dù định hướng phát triển trở thành tập đoàn công nghiệp – công nghệ – dịch vụ (xa hơn có thể cả năng lượng) nhưng đóng góp lớn hiện vẫn đến từ lĩnh vực bất động sản.
Không chỉ trong nhóm vốn hóa lớn, đây còn là thực trạng chung của chứng khoán Việt Nam. 2 nhóm tài chính và bất động sản hiện chiếm tỷ trọng áp đảo, khoảng 60% vốn hóa toàn thị trường. Trong khi đó, các lĩnh vực “hot trend” như công nghệ, y tế và chăm sóc sức khoẻ, năng lượng và tiện ích… lại không có nhiều đại diện đủ tầm.
Điều này khác biệt hoàn toàn so với thị trường chứng khoán Mỹ nơi mà các lĩnh vực chiếm tỷ trọng cao chủ yếu là công nghệ, chăm sóc sức khoẻ, bán lẻ, hàng tiêu dùng, dịch vụ viễn thông,… Đây là các nhóm ngành có tiềm năng tăng trưởng dài hạn với nhiều câu chuyện hỗ trợ, phù hợp với xu hướng phát triển của thế giới.
Trong khu vực với các nền kinh tế có nhiều điểm tương đồng, chứng khoán Việt Nam vẫn có sự mất cân bằng lớn hơn khi tỷ trọng nhóm ngành tài chính, bất động sản khá vượt trội.
Thực trạng này được kỳ vọng sẽ sớm thay đổi khi thị khoán Việt Nam có thêm hàng hoá mới. Tại Investor Day hồi đầu năm, ông Lê Anh Tuấn – Giám đốc đầu tư Dragon Capital dự báo giai đoạn 2027-2028, thị trường chứng khoán được kỳ vọng đón làn sóng IPO quy mô 47 tỷ USD. Ngoài Vinpearl, nhiều tên tuổi đáng chú ý như TCBS, F88, THACO AUTO, Bách Hóa Xanh, Golden Gate và Highlands Coffee, VPS, Viettel IDC, Misa, VNPay, Long Châu,… cũng đang có kế hoạch.
Hơn nữa, kinh tế Việt Nam cũng đang trong giai đoạn mang tính bản lề để thay đổi cơ cấu, ưu tiên tập trung phát triển khoa học công nghệ (Nghị quyết 57), ưu tiên phát triển kinh tế tư nhân (Nghị quyết 68). Đây là một trong những động lực quan trọng giúp các doanh nghiệp phát triển lớn mạnh, vươn ra biển lớn qua đó góp phần đưa đất nước bước vào kỷ nguyên mới, kỷ nguyên vươn mình.
Theo Giám đốc VinaCapital, tầm nhìn cốt lõi của Nghị quyết 68 là xây dựng một khu vực kinh tế tư nhân phát triển nhanh, bền vững, chất lượng cao và có năng lực cạnh tranh toàn cầu – không chỉ giữ vai trò là động lực tăng trưởng kinh tế mà còn là lực lượng tiên phong trong khoa học, công nghệ và đổi mới sáng tạo. Mục tiêu dài hạn là giúp Việt Nam tránh bẫy thu nhập trung bình, từng bước hiện thực hóa khát vọng trở thành quốc gia phát triển, thu nhập cao vào năm 2045."
46,(16/05/2025 00:00),"BID: HĐQT phê duyệt phương án, thông qua hợp đồng cho thuê một phần diện tích chưa sử dụng tại Phòng GD Trường Thi",https://cafef.vn/du-lieu/BID-2199047/bid-hdqt-phe-duyet-phuong-an-thong-qua-hop-dong-cho-thue-mot-phan-dien-tich-chua-su-dung-tai-phong-gd-truong-thi.chn?utm_source=du-lieu,
47,(16/05/2025 00:00),"BID: HĐQT phê duyệt phương án, thông qua hợp đồng cho BIC thuê một phần diện tích chưa sử dụng tại CN Đông Hải Phòng",https://cafef.vn/du-lieu/BID-2199048/bid-hdqt-phe-duyet-phuong-an-thong-qua-hop-dong-cho-bic-thue-mot-phan-dien-tich-chua-su-dung-tai-cn-dong-hai-phong.chn?utm_source=du-lieu,
48,(16/05/2025 00:00),"BID: HĐQT phê duyệt phương án, thông qua hợp đồng cho BIC thuê một phần diện tích chưa sử dụng tại Phòng GD Cẩm Bình",https://cafef.vn/du-lieu/BID-2199049/bid-hdqt-phe-duyet-phuong-an-thong-qua-hop-dong-cho-bic-thue-mot-phan-dien-tich-chua-su-dung-tai-phong-gd-cam-binh.chn?utm_source=du-lieu,
49,(15/05/2025 00:00),BID: Thông báo Quyết định của NHNNVN về việc bổ sung nội dung hoạt động vào Giấy phép thành lập và hoạt động của BID,https://cafef.vn/du-lieu/BID-2198542/bid-thong-bao-quyet-dinh-cua-nhnnvn-ve-viec-bo-sung-noi-dung-hoat-dong-vao-giay-phep-thanh-lap-va-hoat-dong-cua-bid.chn?utm_source=du-lieu,
50,(14/05/2025 00:00),"BID: 2.3.2026, giao dịch 123.846.649 cp niêm yết bổ sung",https://cafef.vn/du-lieu/BID-2197624/bid-232026-giao-dich-123846649-cp-niem-yet-bo-sung.chn?utm_source=du-lieu,
51,(08/05/2025 10:59),BID: Quyết định về việc thay đổi địa điểm đặt trụ sở Chi nhánh Hùng Vương,https://cafef.vn/du-lieu/BID-2227326/bid-quyet-dinh-ve-viec-thay-doi-dia-diem-dat-tru-so-chi-nhanh-hung-vuong.chn?utm_source=du-lieu,
52,(08/05/2025 00:00),BID: Quyết định về việc thay đổi địa điểm đặt trụ sở Chi nhánh Hùng Vương,https://cafef.vn/du-lieu/BID-2197186/bid-quyet-dinh-ve-viec-thay-doi-dia-diem-dat-tru-so-chi-nhanh-hung-vuong.chn?utm_source=du-lieu,
53,(07/05/2025 00:00),"BID: Quyết định của HĐQT về việc phê duyệt phương án, nội dung hợp đồng cho BIC thuê phần diện tích chưa sử dụng tại PGD Lộc Thọ",https://cafef.vn/du-lieu/BID-2197033/bid-quyet-dinh-cua-hdqt-ve-viec-phe-duyet-phuong-an-noi-dung-hop-dong-cho-bic-thue-phan-dien-tich-chua-su-dung-tai-pgd-loc-tho.chn?utm_source=du-lieu,
54,(06/05/2025 00:00),"BID: 7.5.2025, niêm yết bổ sung 123.846.649 cp",https://cafef.vn/du-lieu/BID-2196347/bid-752025-niem-yet-bo-sung-123846649-cp.chn?utm_source=du-lieu,
55,(28/04/2025 00:00),BID: Biên bản họp và Nghị quyết ĐHĐCĐ thường niên năm 2025,https://cafef.vn/du-lieu/BID-2193108/bid-bien-ban-hop-va-nghi-quyet-dhdcd-thuong-nien-nam-2025.chn?utm_source=du-lieu,
56,(28/04/2025 00:00),"BID: Bổ nhiệm ông Lê Quốc Nghị làm Thành viên HĐQT, ông Huỳnh Phương làm Thành viên BKS từ 26.4.2025",https://cafef.vn/du-lieu/BID-2219704/bid-bo-nhiem-ong-le-quoc-nghi-lam-thanh-vien-hdqt-ong-huynh-phuong-lam-thanh-vien-bks-tu-2642025.chn?utm_source=du-lieu,
57,(25/04/2025 00:00),"BID: Nghị quyết HĐQT về việc cập nhật, bổ sung tài liệu họp ĐHĐCĐ thường niên 2025",https://cafef.vn/du-lieu/BID-2191181/bid-nghi-quyet-hdqt-ve-viec-cap-nhat-bo-sung-tai-lieu-hop-dhdcd-thuong-nien-2025.chn?utm_source=du-lieu,
58,(25/04/2025 00:00),BID: Nghị quyết HĐQT phê duyệt phương án phát hành trái phiếu tăng vốn theo hình thức riêng lẻ năm 2025,https://cafef.vn/du-lieu/BID-2191183/bid-nghi-quyet-hdqt-phe-duyet-phuong-an-phat-hanh-trai-phieu-tang-von-theo-hinh-thuc-rieng-le-nam-2025.chn?utm_source=du-lieu,
59,(23/04/2025 00:00),"BID: HĐQT thông qua hợp đồng, giao dịch thuê thêm diện tích văn phòng tại tầng 10, tháp BIDV",https://cafef.vn/du-lieu/BID-2186187/bid-hdqt-thong-qua-hop-dong-giao-dich-thue-them-dien-tich-van-phong-tai-tang-10-thap-bidv.chn?utm_source=du-lieu,
60,(21/04/2025 10:06),BID: Báo cáo thường niên năm 2024,https://cafef.vn/du-lieu/BID-2178539/bid-bao-cao-thuong-nien-nam-2024.chn?utm_source=du-lieu,
61,(17/04/2025 00:00),BID: Thông báo Quyết định của NHNNVN về việc sửa đổi nội dung vốn điều lệ tại Giấy phép hoạt động của BID,https://cafef.vn/du-lieu/BID-2181749/bid-thong-bao-quyet-dinh-cua-nhnnvn-ve-viec-sua-doi-noi-dung-von-dieu-le-tai-giay-phep-hoat-dong-cua-bid.chn?utm_source=du-lieu,
62,(31/03/2025 00:00),BID: Sửa đổi điều lệ tổ chức và hoạt động,https://cafef.vn/du-lieu/BID-2162099/bid-sua-doi-dieu-le-to-chuc-va-hoat-dong.chn?utm_source=du-lieu,
63,(31/03/2025 00:00),BID: Nghị quyết HĐQT phê duyệt điều chỉnh thời gian tổ chức ĐHĐCĐ thường niên năm 2025,https://cafef.vn/du-lieu/BID-2162374/bid-nghi-quyet-hdqt-phe-duyet-dieu-chinh-thoi-gian-to-chuc-dhdcd-thuong-nien-nam-2025.chn?utm_source=du-lieu,
64,(21/03/2025 00:00),BID: Nghị quyết HĐQT về việc phê duyệt phương án mua lại trái phiếu,https://cafef.vn/du-lieu/BID-2155362/bid-nghi-quyet-hdqt-ve-viec-phe-duyet-phuong-an-mua-lai-trai-phieu.chn?utm_source=du-lieu,
65,(20/03/2025 00:00),BID: Thông báo giấy chứng nhận điều chỉnh thông tin số lượng cổ phiếu đăng ký của BID,https://cafef.vn/du-lieu/BID-2154473/bid-thong-bao-giay-chung-nhan-dieu-chinh-thong-tin-so-luong-co-phieu-dang-ky-cua-bid.chn?utm_source=du-lieu,
66,(14/03/2025 00:00),BID: Link công bố tài liệu họp ĐHĐCĐ thường niên năm 2025,https://cafef.vn/du-lieu/BID-2149825/bid-link-cong-bo-tai-lieu-hop-dhdcd-thuong-nien-nam-2025.chn?utm_source=du-lieu,
67,(12/03/2025 00:00),BID: HĐQT thông qua phụ lục hợp đồng đại lý năm 2025 với BIDV MetLife,https://cafef.vn/du-lieu/BID-2148338/bid-hdqt-thong-qua-phu-luc-hop-dong-dai-ly-nam-2025-voi-bidv-metlife.chn?utm_source=du-lieu,
68,(12/03/2025 00:00),BID: Thông báo thay đổi nhân sự (kèm Quyết định HĐQT),https://cafef.vn/du-lieu/BID-2148342/bid-thong-bao-thay-doi-nhan-su-kem-quyet-dinh-hdqt.chn?utm_source=du-lieu,
69,(07/03/2025 00:00),BID: Thông báo công văn của UBCKNN về báo cáo kết quả chào bán cổ phiếu riêng lẻ của BID,https://cafef.vn/du-lieu/BID-2144609/bid-thong-bao-cong-van-cua-ubcknn-ve-bao-cao-ket-qua-chao-ban-co-phieu-rieng-le-cua-bid.chn?utm_source=du-lieu,
70,(06/03/2025 00:00),BID: Thông báo ký kết hợp đồng kiểm toán BCTC 2025,https://cafef.vn/du-lieu/BID-2143827/bid-thong-bao-ky-ket-hop-dong-kiem-toan-bctc-2025.chn?utm_source=du-lieu,
71,(05/03/2025 00:00),"BID: HĐQT phê duyệt phương án, hợp đồng cho thuê một phần diện tích chưa sử dụng tại Chi nhánh Hà Tĩnh",https://cafef.vn/du-lieu/BID-2143630/bid-hdqt-phe-duyet-phuong-an-hop-dong-cho-thue-mot-phan-dien-tich-chua-su-dung-tai-chi-nhanh-ha-tinh.chn?utm_source=du-lieu,
72,(03/03/2025 00:00),BID: Đã phát hành riêng lẻ 123.846.649 cp,https://cafef.vn/du-lieu/BID-2141549/bid-da-phat-hanh-rieng-le-123846649-cp.chn?utm_source=du-lieu,
73,(03/03/2025 00:00),BID: CBTT thay đổi địa chỉ trụ sở chi nhánh Phú Mỹ,https://cafef.vn/du-lieu/BID-2141955/bid-cbtt-thay-doi-dia-chi-tru-so-chi-nhanh-phu-my.chn?utm_source=du-lieu,
74,(21/02/2025 00:00),"BID: 7.3.2025, ngày GDKHQ tham dự ĐHCĐ thường niên năm 2025",https://cafef.vn/du-lieu/BID-2135413/bid-732025-ngay-gdkhq-tham-du-dhcd-thuong-nien-nam-2025.chn?utm_source=du-lieu,
75,(19/02/2025 00:00),BID: Quyết định về việc thay đổi địa điểm đặt trụ sở Chi nhánh Hồng Hà,https://cafef.vn/du-lieu/BID-2133728/bid-quyet-dinh-ve-viec-thay-doi-dia-diem-dat-tru-so-chi-nhanh-hong-ha.chn?utm_source=du-lieu,
76,(18/02/2025 00:00),BID: Nghị quyết HĐQT về việc tổ chức ĐHĐCĐ thường niên năm 2025,https://cafef.vn/du-lieu/BID-2132950/bid-nghi-quyet-hdqt-ve-viec-to-chuc-dhdcd-thuong-nien-nam-2025.chn?utm_source=du-lieu,
77,(13/02/2025 00:00),"BID: HĐQT thông qua hợp đồng bảo hiểm tiền, vàng vận chuyển của CN với BIC",https://cafef.vn/du-lieu/BID-2130267/bid-hdqt-thong-qua-hop-dong-bao-hiem-tien-vang-van-chuyen-cua-cn-voi-bic.chn?utm_source=du-lieu,
78,(12/02/2025 00:00),BID: Thông báo công văn của UBCKNN về hồ sơ đăng ký chào bán cổ phiếu riêng lẻ của BID,https://cafef.vn/du-lieu/BID-2129058/bid-thong-bao-cong-van-cua-ubcknn-ve-ho-so-dang-ky-chao-ban-co-phieu-rieng-le-cua-bid.chn?utm_source=du-lieu,
79,(12/02/2025 00:00),BID: Quyết định HĐQT về việc thay đổi địa chỉ các Chi nhánh,https://cafef.vn/du-lieu/BID-2129059/bid-quyet-dinh-hdqt-ve-viec-thay-doi-dia-chi-cac-chi-nhanh.chn?utm_source=du-lieu,
80,(09/02/2025 08:57),"Top 50 lợi nhuận 2024 vẫn là cuộc áp đảo của ngân hàng và BĐS, BSR, KBC, HAG, NVL 'biến mất' trong khi 2 công ty họ GELEX trỗi dậy",https://cafef.vn/top-50-loi-nhuan-2024-van-la-cuoc-ap-dao-cua-ngan-hang-va-bds-bsr-kbc-hag-nvl-bien-mat-trong-khi-2-cong-ty-ho-gelex-troi-day-188250209085725353.chn?utm_source=du-lieu,"Tổng lợi nhuận trước thuế của 50 đơn vị có lợi nhuận lớn nhất năm 2024 là 530.980 tỷ đồng thì nhóm ngân hàng chiếm 298.210 tỷ đồng, tức 56%, lớn hơn tổng của tất cả các ngành còn lại.
Đứng thứ 2 là nhóm bất động sản nhưng nhỏ hơn rất nhiều, với 51.438 tỷ đồng, chiếm 9,7%.
Tuy nhiên nếu “trả” Vingroup (VIC) về nhóm bất động sản thay vì xếp vào ngành Ô tô, lợi nhuận của các đại gia địa ốc là 68.162 tỷ đồng, chiếm gần 13%.
Trong top10, chỉ có tỷ phú Phạm Nhật Vượng “địch” lại được nhóm nhà băng khi 2 cái tên duy nhất phi tài chính là VinHomes (VHM) và Vingroup.
Vingroup năm nay có sự bứt phá của doanh thu mảng sản xuất xe điện, nhưng lợi nhuận chủ yếu nhờ mảng bất động sản. Cụ thể doanh thu ﻿từ chuyển nhượng bất động sản năm nay chiếm 93.000 tỷ đồng và doanh thu từ mảng sản xuất là 53.000 tỷ đồng. Các mảng còn lại chiếm khoảng gần 46.000 tỷ đồng.
Với việc lợi nhuận giảm rất mạnh, loạt “đại gia” nằm trong top50 lợi nhuận 2023 đã rời khỏi danh sách của năm 2024, bao gồm CTCP Lọc Hóa dầu Bình Sơn (BSR) – giảm 93% còn 680 tỷ, Kinh Bắc (KBC) – giảm 73% còn 764 tỷ, Novaland (NVL) lỗ kỷ lục 2.530 tỷ hay Hoàng Anh Gia Lai (HAG) – giảm 44% còn 1.019 tỷ…
Ngược lại, 2 doanh nghiệp họ Gelex là CTCP Tập đoàn GELEX (GEX) và CTCP Điện lực GELEX (GEE) đã trỗi dậy, tăng lần lượt 159% và 121% để đạt LNTT là 3.616 tỷ và 2.154 tỷ.
Cuộc ‘tái sinh’ của CTCP Đầu tư Thế giới di động (MWG) với mức tăng 417% đưa doanh nghiệp này trở lại top50.
Và Viettel Global (VGI) cũng tăng 176% lên một mặt bằng mới là mức lợi nhuận trên 10.000 tỷ, chính thức xóa hết lỗ lũy kế, đưa nhóm viễn thông trở thành nhóm lớn thứ 6 với 14.308 tỷ đồng.
Đặc biệt, Vietnam Airlines (HVN) là cú lật ngoạn mục từ mức lỗ 5.362 tỷ đồng trong năm trước lên mức lãi 7.723 tỷ đồng trong năm nay, xếp hạng 22 trong top, chính thức chấm dứt chuỗi 4 năm liên tiếp lỗ. Cũng nhờ vậy, tổng lợi nhuận nhóm hàng không đã vọt lên 22.056 chiếm 4,2% và là nhóm lớn thứ 5.
Con số lợi nhuận của Vietnam Airlines chủ yếu là nhờ trong 2 quý đầu năm được giảm nợ và hoãn nợ. Đến quý 3/2024 và quý 4/2024 doanh nghiệp này đã hoạt động ổn định trở lại.
Tuy vậy, tại thời điểm 31/12/2024 Vietnam Airlines vẫn đang lỗ lũy kế ﻿34.307 tỷ đồng. Điều này khiến vốn chủ sở hữu của hãng bay này âm hơn 10.000 tỷ đồng.
Thép – Dầu khí – Công nghệ mỗi ngành chỉ có 1 doanh nghiệp góp mặt nhưng lợi nhuận đều trên 10.000 tỷ."
81,(03/02/2025 00:00),BID: CBTT thay đổi địa điểm Chi nhánh Trà Vinh,https://cafef.vn/du-lieu/BID-2123945/bid-cbtt-thay-doi-dia-diem-chi-nhanh-tra-vinh.chn?utm_source=du-lieu,
82,(03/02/2025 00:00),BID: Điều chỉnh Nghị quyết HĐQT số 31 về việc phê duyệt triển khai phương án chào bán cổ phiếu riêng lẻ,https://cafef.vn/du-lieu/BID-2123949/bid-dieu-chinh-nghi-quyet-hdqt-so-31-ve-viec-phe-duyet-trien-khai-phuong-an-chao-ban-co-phieu-rieng-le.chn?utm_source=du-lieu,
83,(03/02/2025 00:00),BID: Báo cáo tình hình quản trị công ty năm 2024,https://cafef.vn/du-lieu/BID-2134893/bid-bao-cao-tinh-hinh-quan-tri-cong-ty-nam-2024.chn?utm_source=du-lieu,
84,(24/01/2025 00:00),BID: Thông báo công văn của NHNN về việc chấp thuận cho BID tăng vốn điều lệ,https://cafef.vn/du-lieu/BID-2120575/bid-thong-bao-cong-van-cua-nhnn-ve-viec-chap-thuan-cho-bid-tang-von-dieu-le.chn?utm_source=du-lieu,
85,(24/01/2025 00:00),"BID: Báo cáo định kỳ tình hình thanh toán gốc, lãi trái phiếu năm 2024",https://cafef.vn/du-lieu/BID-2120577/bid-bao-cao-dinh-ky-tinh-hinh-thanh-toan-goc-lai-trai-phieu-nam-2024.chn?utm_source=du-lieu,
86,(20/01/2025 00:03),"Bản đồ tỷ đô tại Hà Nội: Hoàn Kiếm là địa bàn của nhóm Ngân hàng, 1 công ty họ Vingroup chuyển nhà phút chót, lý do FPT 'ôm' Cầu Giấy",https://cafef.vn/ban-do-ty-do-tai-ha-noi-hoan-kiem-la-dia-ban-cua-nhom-ngan-hang-1-cong-ty-ho-vingroup-chuyen-nha-phut-chot-ly-do-fpt-om-cau-giay-188250119215141865.chn?utm_source=du-lieu,"Tính đến thời điểm ngày 31/12/2024, thị trường chứng khoán Việt Nam có 50 doanh nghiệp đạt giá trị vốn hóa thị trường trên 1 tỷ USD (tỷ đô), trong đó có 17 ngân hàng.
Nếu nhìn theo khu vực, có 27 doanh nghiệp tỷ đô đăng ký trụ sở tại thủ đô Hà Nội. Tập đoàn Hòa Phát (HPG) tuy đăng ký trụ sở tại Hưng Yên nhưng văn phòng điều hành ""đầu não"" thực tế cũng nằm tại Hà Nội, còn Vietjet Air (VJC) tuy đăng ký trụ sở tại quận Ba Đình (Hà Nội) nhưng ""đầu não"" nằm tại Tp.HCM.
""Bản đồ"" Doanh nghiệp tỷ đô của Hà Nội tập trung tại các quận trung tâm, gồm Ba Đình (1 đơn vị), Hoàn Kiếm (9 đơn vị), Cầu Giấy (4 đơn vị), Tây Hồ (1 đơn vị), Đống Đa (4 đơn vị), Nam Từ Liêm (2 đơn vị), Long Biên (5 đơn vị) và Đông Anh (1 đơn vị).
Theo đó, Hoàn Kiếm là quận có nhiều trụ sở các đơn vị tỷ đô nhất (ngoại trừ Tập đoàn Bảo Việt thì tất cả đều là ngân hàng), với tổng giá trị vốn hóa thị trường là 56,2 tỷ đô, lớn vượt trội so với các khu vực khác. Nơi đây có trụ sở của 3 ngân hàng lớn nhất thị trường là Vietcombank (VCB, 20,4 tỷ đô), BIDV (BID, 10,4 tỷ đô) và Vietinbank (CTG, 8,1 tỷ đô).
Trụ sở chính của Ngân hàng Nhà nước Việt Nam nằm tại quận Hoàn Kiếm, trên đường Lý Thái Tổ. Quãng đường từ Ngân hàng Nhà nước đến ""tổ hợp"" trụ sở của Vietcombank, BIDV, Seabank (194 - 198 Trần Quang Khải), LPBank (210 Trần Quang Khải) chỉ khoảng 300m.
Quận Long Biên – nơi ""đóng đô"" của các doanh nghiệp họ Vin bao gồm Vingroup (VIC), Vinhomes (VHM) và Vincom Retail (VRE), cùng với Vietnam Airlines (HVN) và Hóa Chất Đức Giang (DGC), ghi nhận tổng vốn hóa 18,6 tỷ đô, là quận lớn thứ 2.
Vingroup chuyển về khu đô thị Vinhomes Riverside (trước kia có tên là khu Đô thị Sinh thái Vincom Village) vào năm 2013 sau khi bán toàn bộ tháp B (khối văn phòng) của toà nhà Vincom Center Hà Nội tại 191 Bà Triệu – vốn đang là trụ sở của mình - cho Techcombank. Địa chỉ này là trụ sở của Techcombank cho đến tháng 1/2023, khi ngân hàng chuyển về số 6 phố Quang Trung (q.Hoàn Kiếm).
Bên cạnh Long Biên thì huyện Đông Anh (đã được HĐND thành phố Hà Nội thông qua Nghị quyết về việc tán thành chủ trương thành lập quận) cũng có một 1 công ty tỷ đô là công ty con do Vingroup sở hữu 83%. CTCP Trung tâm Hội chợ Triển lãm Việt Nam (VEFAC, VEF) là Chủ đầu tư của dự án (1) Trung tâm Hội chợ Triển lãm Quốc gia tại Cổ Loa (Vốn đầu tư hơn 7.300 tỷ đồng) và (2) Khu đô thị mới tại các xã Xuân Canh, Đông Hội, Mai Lâm (Vinhomes Cổ Loa, với tổng vốn đầu tư khoảng 35.000 tỷ đồng).
VEFAC trước ngày 28/11/2024 vẫn đặt trụ sở tại 148 Giảng Võ – nơi đặt Trung tâm hội chợ triển lãm Quốc gia trước đây. Sau ngày này, VEFAC mới chính thức chuyển trụ sở về Đông Anh.
Trong khi đó, quận Cầu Giấy là ""địa bàn"" của Tập đoàn FPT (FPT) và FPT Telecom (FOX). Đây là quận có tổng vốn hóa 17,3 tỷ đô, lớn thứ 3 trên bản đồ.
Trụ sở chính của FPT ban đầu không nằm tại quận Cầu Giấy. Vào năm 2007, Tập đoàn này đã chuyển trụ sở từ 89 Láng Hạ về tòa nhà FPT Cầu Giấy. Năm 2021, FPT hoàn tất chuyển về Tổ hợp toà nhà FPT Tower tại số 10 Phạm Văn Bạch (Cầu Giấy). Công trình này rất ấn tượng với thiết kế mô phỏng hình khối logo của FPT, gồm hai tòa nhà cao 21 tầng và 17 tầng cùng văn phòng trung tâm dữ liệu hiện đại cao 8 tầng.
Biểu tượng mã GEN của FPT kết hợp với khối địa cầu được đặt chính giữa sảnh đón tiếp mang hàm ý FPT đã và đang vươn mình ra thế giới. Điểm đặc biệt là quả địa cầu này quay hết 1 vòng trong 13 phút, đúng theo ngày thành lập FPT (13/9/1988).
Năm 2013, Bộ Thông tin và Truyền thông chính thức công nhận khu 8,3 ha tại Duy Tân, Cầu Giấy (Hà Nội) là khu Công nghệ thông tin tập trung thứ ba của cả nước, sau Khu công nghệ phần mềm Quang Trung (TP HCM) và Khu công nghệ phần mềm Đà Nẵng. Với chính sách dành cho khu CNTT, FPT và các công ty con có trụ sở tại khu này sẽ được ưu đãi về tiền thuê đất, miễn, giảm các loại thuế và những ưu đãi khác.
Khu CNTT Cầu Giấy tập trung những doanh nghiệp CNTT mạnh như FPT, CMC, MISA, Hài Hòa, Elcom…
Quận Nam Từ Liêm tuy chỉ vỏn vẹn 2 cái tên nhưng lại là cái tên ""rất to"", đó là Viettel Global (VGI) với vốn hóa tới 11,2 tỷ đô. Năm 2024 là năm thăng hoa của Viettel Global khi cổ phiếu tăng một mạch từ khoảng giá 26.000 đồng hồi đầu năm lên đỉnh 109.700 đồng, tương đương mức tăng 322%. Tuy mức giá đỉnh đó đã không được giữ vững, VGI vẫn đóng cửa phiên cuối năm tại 91.600 đồng, tăng 252%, là doanh nghiệp có giá trị thị trường lớn nhất sàn UPCOM."
87,(20/01/2025 00:00),BID: Thông báo Quyết định của NHNNVN về việc sửa đổi nội dung vốn điều lệ tại Giấy phép hoạt động của BID,https://cafef.vn/du-lieu/BID-2117807/bid-thong-bao-quyet-dinh-cua-nhnnvn-ve-viec-sua-doi-noi-dung-von-dieu-le-tai-giay-phep-hoat-dong-cua-bid.chn?utm_source=du-lieu,
88,(20/01/2025 00:00),BID: HĐQT thông qua giao dịch hợp vốn và dự thảo Thỏa thuận cho vay hợp vốn đối với khách hàng CTCP Đầu tư Thành Thắng Group,https://cafef.vn/du-lieu/BID-2117969/bid-hdqt-thong-qua-giao-dich-hop-von-va-du-thao-thoa-thuan-cho-vay-hop-von-doi-voi-khach-hang-ctcp-dau-tu-thanh-thang-group.chn?utm_source=du-lieu,
89,(20/01/2025 00:00),BID: Thông báo Quyết định của NHNNVN về việc cử người đại diện phần vốn nhà nước tại BID,https://cafef.vn/du-lieu/BID-2117970/bid-thong-bao-quyet-dinh-cua-nhnnvn-ve-viec-cu-nguoi-dai-dien-phan-von-nha-nuoc-tai-bid.chn?utm_source=du-lieu,
90,(20/01/2025 00:00),BID: CBTT ký hợp đồng cung cấp dịch vụ ngân quỹ với NH KEB Hana - CN Hà Nội,https://cafef.vn/du-lieu/BID-2117971/bid-cbtt-ky-hop-dong-cung-cap-dich-vu-ngan-quy-voi-nh-keb-hana-cn-ha-noi.chn?utm_source=du-lieu,
91,(17/01/2025 00:00),"BID: 20.1.2025, niêm yết bổ sung 1.197.079.368 cp",https://cafef.vn/du-lieu/BID-2116617/bid-2012025-niem-yet-bo-sung-1197079368-cp.chn?utm_source=du-lieu,
92,(17/01/2025 00:00),BID: Thông báo ký hợp đồng bảo hiểm trọn gói kết hợp tai nạn con người và sức khỏe và hợp đồng bảo hiểm bệnh ung thư với BIC,https://cafef.vn/du-lieu/BID-2116622/bid-thong-bao-ky-hop-dong-bao-hiem-tron-goi-ket-hop-tai-nan-con-nguoi-va-suc-khoe-va-hop-dong-bao-hiem-benh-ung-thu-voi-bic.chn?utm_source=du-lieu,
93,(17/01/2025 00:00),BID: Giấy chứng nhận điều chỉnh thông tin số lượng cổ phiếu đăng ký,https://cafef.vn/du-lieu/BID-2117090/bid-giay-chung-nhan-dieu-chinh-thong-tin-so-luong-co-phieu-dang-ky.chn?utm_source=du-lieu,
94,(17/01/2025 00:00),"BID: 24.1.2025, giao dịch 1.197.079.368 cp niêm yết bổ sung",https://cafef.vn/du-lieu/BID-2117155/bid-2412025-giao-dich-1197079368-cp-niem-yet-bo-sung.chn?utm_source=du-lieu,
95,(15/01/2025 00:00),BID: CBTT ký hợp đồng cung cấp dịch vụ ngân quỹ với NH KEB Hana - CN Hồ Chí Minh,https://cafef.vn/du-lieu/BID-2115548/bid-cbtt-ky-hop-dong-cung-cap-dich-vu-ngan-quy-voi-nh-keb-hana-cn-ho-chi-minh.chn?utm_source=du-lieu,
96,(10/01/2025 00:00),BID: Quyết định thay đổi địa chỉ trụ sở chi nhánh Bình Định,https://cafef.vn/du-lieu/BID-2114271/bid-quyet-dinh-thay-doi-dia-chi-tru-so-chi-nhanh-binh-dinh.chn?utm_source=du-lieu,
97,(09/01/2025 00:00),BID: Quyết định về việc thay đổi địa điểm đặt trụ sở Chi nhánh Biên Hòa và Phòng GD Quyết Thắng,https://cafef.vn/du-lieu/BID-2112553/bid-quyet-dinh-ve-viec-thay-doi-dia-diem-dat-tru-so-chi-nhanh-bien-hoa-va-phong-gd-quyet-thang.chn?utm_source=du-lieu,
98,(08/01/2025 14:15),BIDV chuẩn bị chào bán riêng lẻ gần 124 triệu cổ phiếu giá 38.800 đồng/cp,https://cafef.vn/bidv-chuan-bi-chao-ban-rieng-le-gan-124-trieu-co-phieu-gia-38800-dongcp-188250108141511895.chn?utm_source=du-lieu,"Ngày 7/1, Hội đồng quản trị Ngân hàng TMCP Đầu tư và Phát triển Việt Nam (BIDV – BID) đã có Nghị quyết thông qua việc triển khai phương án chào bán riêng lẻ 123,8 triệu cổ phiếu cho các nhà đầu tư. Tỷ lệ chào bán tương đương 1,8% số cổ phiếu đang lưu hành tại thời điểm 31/12/2024.
Giá chào bán được xác định là 38.800 đồng/cp, tương đương thu về hơn 4.800 tỷ đồng. Số tiền này sẽ được ngân hàng BIDV bổ sung vốn kinh doanh, hoạt động tín dụng (4.084 tỷ đồng), hoạt động đầu tư (481 tỷ đồng), đầu tư cơ sở vật chất, công nghệ, nâng cao năng lực cạnh tranh của mạng lưới kinh doanh (240 tỷ đồng).
Dự kiến có 5 tổ chức tham gia mua trong đợt phát hành này, trong đó có 4 nhà đầu tư nước ngoài và 1 nhà đầu tư trong nước.
Trong đó, Vietnam Enterprise Investments Limited (VEIL) đăng ký mua khối lượng lớn nhất với gần 59 triệu cp, chiếm 47,7% tổng lượng chào bán. Ngoài ra, Hanoi Investments Holdings Limited (Hanoi) đăng ký mua 15,7 triệu cp; DC Developing Markets Strategies Public Limited Company là 8,5 triệu cp; Samsung Vietnam Securities Master Investment Trust (SSMIT) mua hơn 1,9 triệu cp. Nhà đầu tư trong nước là
Tổng công ty đầu tư và kinh doanh vốn nhà nước (SCIC) đăng ký mua 38,7 triệu cp.
Đợt chào bán dự kiến triển khai trong quý I/2025. Cổ phiếu chào bán cho nhà đầu tư chứng khoán chuyên nghiệp sẽ bị bán chế chuyển nhượng 1 năm kể từ ngày kết thúc đợt phát hành.
Trên thị trường chứng khoán, giá cổ phiếu BID của BIDV chốt ngày 7/1 ở mức 38.800 đồng/cp - tương đương giá phát hành riêng lẻ cho 5 nhà đầu tư.
Bên cạnh BIDV, một số thương vụ phát hành cho nhà đầu tư nước ngoài ở các ngân hàng khác cũng có thể sẽ được tiến hành trong năm nay.
Chẳng hạn, như Vietcombank sau một thời gian tạm hoãn kế hoạch phát hành riêng lẻ, có thể sẽ hoàn tất trong năm 2025. Tại cuộc họp ĐHĐCĐ bất thường tháng 8/2024, Chủ tịch HĐQT, ông Nguyễn Thanh Tùng cho biết, việc rút nội dung “Thông qua phương án phát hành cổ phiếu riêng lẻ để tăng vốn điều lệ” là để điều chỉnh, không ảnh hưởng tới tiến độ kế hoạch. Ngân hàng kỳ vọng có thể hoàn thành trong nửa đầu năm 2025 nếu thị trường diễn biến thuận lợi.
Ở nhóm ngân hàng tư nhân, trong cuộc phỏng vấn trực tiếp trên Bloomberg TV hồi cuối năm 2024, ông Jens Lottner, Tổng giám đốc Techcombank tiết lộ ngân hàng đang cân nhắc bán 10 - 15% cổ phần cho nhà đầu tư chiến lược dài hạn phù hợp. Techcombank đang tìm kiếm các công ty có thể giúp ngân hàng ""tham gia vào các hành lang thương mại trong bối cảnh có rất nhiều tiền đổ vào từ Singapore, Nhật Bản và Hàn Quốc""."
99,(08/01/2025 00:00),BID: Các Nghị quyết liên quan đến việc chào bán cổ phiếu riêng lẻ,https://cafef.vn/du-lieu/BID-2112431/bid-cac-nghi-quyet-lien-quan-den-viec-chao-ban-co-phieu-rieng-le.chn?utm_source=du-lieu,
100,(07/01/2025 00:00),BID: Quyết định về việc chuyển đổi Chi nhánh Đất Mũi thành PGD trực thuộc Chi nhánh Cà Mau,https://cafef.vn/du-lieu/BID-2111773/bid-quyet-dinh-ve-viec-chuyen-doi-chi-nhanh-dat-mui-thanh-pgd-truc-thuoc-chi-nhanh-ca-mau.chn?utm_source=du-lieu,
101,(02/01/2025 00:00),BID: CBTT thay đổi địa chỉ trụ sở các chi nhánh (kèm QĐ),https://cafef.vn/du-lieu/BID-2108699/bid-cbtt-thay-doi-dia-chi-tru-so-cac-chi-nhanh-kem-qd.chn?utm_source=du-lieu,
102,(02/01/2025 00:00),"BID: HĐQT thông qua hợp đồng bảo hiểm tiền, vàng tại cơ sở KD và hợp đồng bảo hiểm tiền, vàng vận chuyển của CN với BIC",https://cafef.vn/du-lieu/BID-2108732/bid-hdqt-thong-qua-hop-dong-bao-hiem-tien-vang-tai-co-so-kd-va-hop-dong-bao-hiem-tien-vang-van-chuyen-cua-cn-voi-bic.chn?utm_source=du-lieu,
103,(02/01/2025 00:00),"BID: HĐQT thông qua hợp đồng bảo hiểm sức khỏe, tai nạn và bảo hiểm bệnh ung thư năm 2025 của các đơn vị BIDV với BIC",https://cafef.vn/du-lieu/BID-2109118/bid-hdqt-thong-qua-hop-dong-bao-hiem-suc-khoe-tai-nan-va-bao-hiem-benh-ung-thu-nam-2025-cua-cac-don-vi-bidv-voi-bic.chn?utm_source=du-lieu,
104,(02/01/2025 00:00),BID: Quyết định của TGĐ về việc thay đổi địa chỉ trụ sở chi nhánh Phủ Diễn,https://cafef.vn/du-lieu/BID-2109352/bid-quyet-dinh-cua-tgd-ve-viec-thay-doi-dia-chi-tru-so-chi-nhanh-phu-dien.chn?utm_source=du-lieu,
105,(31/12/2024 00:00),BID: Quyết định về việc thay đổi địa chỉ trụ sở Chi nhánh Ninh Bình,https://cafef.vn/du-lieu/BID-2108499/bid-quyet-dinh-ve-viec-thay-doi-dia-chi-tru-so-chi-nhanh-ninh-binh.chn?utm_source=du-lieu,
106,(31/12/2024 00:00),BID: Thông báo nhận được công văn của UBCKNN về việc báo cáo kết quả đợt phát hành cổ phiếu để trả cổ tức,https://cafef.vn/du-lieu/BID-2108542/bid-thong-bao-nhan-duoc-cong-van-cua-ubcknn-ve-viec-bao-cao-ket-qua-dot-phat-hanh-co-phieu-de-tra-co-tuc.chn?utm_source=du-lieu,
107,(30/12/2024 00:00),BID: Quyết định của TGĐ về việc thay đổi địa điểm trụ sở Chi nhánh Sông Hàn,https://cafef.vn/du-lieu/BID-2106927/bid-quyet-dinh-cua-tgd-ve-viec-thay-doi-dia-diem-tru-so-chi-nhanh-song-han.chn?utm_source=du-lieu,
108,(30/12/2024 00:00),BID: Số lượng cổ phiếu có quyền biểu quyết đang lưu hành là 6.897.515.268 cp,https://cafef.vn/du-lieu/BID-2107254/bid-so-luong-co-phieu-co-quyen-bieu-quyet-dang-luu-hanh-la-6897515268-cp.chn?utm_source=du-lieu,
109,(27/12/2024 00:00),BID: Sửa đổi Điều lệ về tổ chức và hoạt động,https://cafef.vn/du-lieu/BID-2107002/bid-sua-doi-dieu-le-ve-to-chuc-va-hoat-dong.chn?utm_source=du-lieu,
110,(25/12/2024 00:00),BID: Nghị quyết và Biên bản kiểm phiếu ĐHĐCĐ lấy ý kiến cổ đông bằng văn bản,https://cafef.vn/du-lieu/BID-2105110/bid-nghi-quyet-va-bien-ban-kiem-phieu-dhdcd-lay-y-kien-co-dong-bang-van-ban.chn?utm_source=du-lieu,
111,(19/12/2024 00:00),"BID: HĐQT thông qua hợp đồng, giao dịch thuê thêm diện tích tại tầng 11, tháp BIDV",https://cafef.vn/du-lieu/BID-2101889/bid-hdqt-thong-qua-hop-dong-giao-dich-thue-them-dien-tich-tai-tang-11-thap-bidv.chn?utm_source=du-lieu,
112,(17/12/2024 00:00),"BID: 23.12.2024, ngày GDKHQ thưởng cp (tỷ lệ 100:21)",https://cafef.vn/du-lieu/BID-2107255/bid-23122024-ngay-gdkhq-thuong-cp-ty-le-10021.chn?utm_source=du-lieu,
113,(16/12/2024 00:00),"BID: Thông báo số 26852, 26850, 26848, 26829, 26851 về ngày đăng ký cuối cùng để thực hiện quyền mua lại toàn bộ gốc và hoặc thanh toán lãi trái phiếu",https://cafef.vn/du-lieu/BID-2099624/bid-thong-bao-so-26852-26850-26848-26829-26851-ve-ngay-dang-ky-cuoi-cung-de-thuc-hien-quyen-mua-lai-toan-bo-goc-va-hoac-thanh-toan-lai-trai-phieu.chn?utm_source=du-lieu,
114,(14/12/2024 13:08),Ngân hàng lớn nhất Việt Nam chốt quyền nhận cổ tức vào ngày 24/12,https://cafef.vn/ngan-hang-lon-nhat-viet-nam-chot-quyen-nhan-co-tuc-vao-ngay-2412-188241214101146942.chn?utm_source=du-lieu,"Ảnh minh họa
Ngân hàng TMCP Đầu tư và Phát triển (BIDV – Mã: BID) vừa thông báo 24/12 là ngày đăng ký cuối cùng để thực hiện quyền nhận cổ tức bằng cổ phiếu với tỷ lệ 21% (cổ đông 100 cổ phiếu tại ngày chốt quyền được nhận 21 cổ phiếu mới). Nguồn phát hành là lợi nhuận còn lại sau thuế, sau trích lập các quỹ năm 2022.
Theo đó, BIDV sẽ phát hành 1,197 tỷ cổ phiếu để trả cổ tức cho cổ đông hiện hữu. Sau phát hành, vốn điều lệ của BIDV sẽ tăng thêm tối đa gần 11.971 tỷ đồng, từ 57.004 tỷ đồng lên hơn 68.975 tỷ đồng.
BIDV cho biết số vốn điều lệ tăng thêm sẽ được dùng toàn bộ để bổ sung vốn kinh doanh, phân bổ vào các lĩnh vực hoạt động kinh doanh của BIDV như hoạt động tín dụng, đầu tư cơ sở vật chất, công nghệ, phát triển sản phẩm dịch vụ mới, nâng cao năng lực cạnh tranh của mạng lưới kinh doanh.
Trong năm 2024, BIDV chưa thực hiện đợt chi trả cổ tức nào. Lần chia cổ tức gần nhất của BIDV diễn ra vào tháng 12/2023 với nguồn chi trả lấy từ lợi nhuận còn lại sau thuế và trích lập các quỹ năm 2021.
Trước đó, Đại hội đồng cổ đông thường niên BIDV năm 2024 đã thông qua phương án phát hành 1,361 tỷ cổ phiếu, mệnh giá 10.000 đồng/cổ phiếu để tăng vốn điều lệ từ hơn 57.004 tỷ đồng lên trên 70.624 tỷ đồng.
Trong đó, số cổ phiếu phát hành để trả cổ tức năm 2022 là 1,197 tỷ cổ phiếu (tỷ lệ 21%, cổ đông sở hữu 100 cổ phiếu sẽ được nhận 21 cổ phiếu mới), số phát thêm bằng hình thức chào bán riêng lẻ là 164 triệu cổ phiếu.
Đối với phương án chào bán riêng lẻ, BIDV cho biết đối tượng hướng đến là các nhà đầu tư chứng khoán chuyên nghiệp và là nhà đầu tư tổ chức trong và ngoài nước, có thể bao gồm một số cổ đông hiện hữu của BIDV.
Giá chào bán sẽ xác định theo nguyên tắc giá thị trường, số cổ phần chào bán riêng lẻ sẽ bị hạn chế chuyển nhượng 3 năm đối với nhà đầu tư chiến lược và một năm với nhà đầu tư chứng khoán chuyên nghiệp kể từ ngày hoàn thành đợt chào bán.
Tại Hội nghị Nhà đầu tư mới đây, BIDV cho biết đang trong quá trình chờ phê duyệt chủ trương tăng vốn từ Ngân hàng Nhà nước và làm việc các nhà đầu tư tiềm năng để hoàn thành đợt phát hành cổ phiếu riêng lẻ (2,9% vốn điều lệ) trong quý 1/2025. Giá trị của lần phát hành này không được tiết lộ.
BIDV hiện là ngân hàng lớn nhất Việt Nam với quy mô tổng tài sản tính đến cuối tháng 9 đạt hơn 2,58 triệu tỷ đồng, tăng 12% so với đầu năm. Dư nợ cho vay khách hàng của BIDV đạt 1,95 triệu tỷ đồng và tiền gửi khách hàng ở mức 1,87 triệu tỷ đồng, cùng tăng khoảng 9,9% so với cuối năm 2023.
Về kết quả kinh doanh, BIDV kết thúc quý 3 với lợi nhuận hợp nhất trước thuế đạt gần 6.500 tỷ đồng, tăng hơn 10% so với cùng kỳ 2023. Luỹ kế 9 tháng đầu năm, lợi nhuận BIDV đạt 20.047 tỷ đồng, tăng 11,6%."
115,(13/12/2024 00:00),BID: Thông báo các nội dung liên quan đến phát hành cổ phiếu để trả cổ tức của BIDV,https://cafef.vn/du-lieu/BID-2099457/bid-thong-bao-cac-noi-dung-lien-quan-den-phat-hanh-co-phieu-de-tra-co-tuc-cua-bidv.chn?utm_source=du-lieu,
116,(10/12/2024 00:00),BID: Nghị quyết HĐQT về việc triển khai chi trả cổ tức,https://cafef.vn/du-lieu/BID-2097191/bid-nghi-quyet-hdqt-ve-viec-trien-khai-chi-tra-co-tuc.chn?utm_source=du-lieu,
117,(09/12/2024 00:00),BID: Quyết định v/v chuyển đổi Chi nhánh Dĩ An - Bình Dương thành PGD trực thuộc Chi nhánh Nam Bình Dương,https://cafef.vn/du-lieu/BID-2096196/bid-quyet-dinh-vv-chuyen-doi-chi-nhanh-di-an-binh-duong-thanh-pgd-truc-thuoc-chi-nhanh-nam-binh-duong.chn?utm_source=du-lieu,
118,(09/12/2024 00:00),BID: Thông báo nhận được công văn của NHNN về việc chấp thuận tăng vốn điều lệ của BIDV,https://cafef.vn/du-lieu/BID-2096197/bid-thong-bao-nhan-duoc-cong-van-cua-nhnn-ve-viec-chap-thuan-tang-von-dieu-le-cua-bidv.chn?utm_source=du-lieu,
119,(06/12/2024 00:00),BID: Thông báo về việc nghỉ hưu để hưởng chế độ bảo hiểm xã hội của thành viên Ban điều hành,https://cafef.vn/du-lieu/BID-2095426/bid-thong-bao-ve-viec-nghi-huu-de-huong-che-do-bao-hiem-xa-hoi-cua-thanh-vien-ban-dieu-hanh.chn?utm_source=du-lieu,
120,(05/12/2024 00:00),BID: Thông báo tài liệu lấy ý kiến cổ đông bằng văn bản năm 2024,https://cafef.vn/du-lieu/BID-2094819/bid-thong-bao-tai-lieu-lay-y-kien-co-dong-bang-van-ban-nam-2024.chn?utm_source=du-lieu,
121,(05/12/2024 00:00),BID: Quyết định của TGĐ về việc thay đổi địa điểm trụ sở Chi nhánh Lam Sơn,https://cafef.vn/du-lieu/BID-2094942/bid-quyet-dinh-cua-tgd-ve-viec-thay-doi-dia-diem-tru-so-chi-nhanh-lam-son.chn?utm_source=du-lieu,
122,(05/12/2024 00:00),BID: Quyết định của TGĐ về việc thay đổi địa điểm trụ sở Chi nhánh Bắc Hưng Yên,https://cafef.vn/du-lieu/BID-2094950/bid-quyet-dinh-cua-tgd-ve-viec-thay-doi-dia-diem-tru-so-chi-nhanh-bac-hung-yen.chn?utm_source=du-lieu,
123,(04/12/2024 00:00),"BID: Quyết định của TGĐ về việc thay đổi tên, địa điểm trụ sở Chi nhánh và chuyển giao quản lý các phòng GD của Chi nhánh Hàm Nghi",https://cafef.vn/du-lieu/BID-2094273/bid-quyet-dinh-cua-tgd-ve-viec-thay-doi-ten-dia-diem-tru-so-chi-nhanh-va-chuyen-giao-quan-ly-cac-phong-gd-cua-chi-nhanh-ham-nghi.chn?utm_source=du-lieu,
124,(04/12/2024 00:00),BID: Nghị quyết HĐQT v/v phê duyệt phương án tăng vốn điều lệ 2024 thông qua phát hành cổ phiếu để trả cổ tức,https://cafef.vn/du-lieu/BID-2094334/bid-nghi-quyet-hdqt-vv-phe-duyet-phuong-an-tang-von-dieu-le-2024-thong-qua-phat-hanh-co-phieu-de-tra-co-tuc.chn?utm_source=du-lieu,
125,(29/11/2024 00:00),"BID: Quyết định về việc thay đổi địa chỉ đặt trụ sở Chi nhánh Khánh Hòa, Móng Cái và phòng GD Xóm Mới",https://cafef.vn/du-lieu/BID-2091863/bid-quyet-dinh-ve-viec-thay-doi-dia-chi-dat-tru-so-chi-nhanh-khanh-hoa-mong-cai-va-phong-gd-xom-moi.chn?utm_source=du-lieu,
126,(29/11/2024 00:00),BID: HĐQT thông qua thỏa thuận hợp tác triển khai hoạt động CD_Flex giữa BIDV và BSC,https://cafef.vn/du-lieu/BID-2091867/bid-hdqt-thong-qua-thoa-thuan-hop-tac-trien-khai-hoat-dong-cdflex-giua-bidv-va-bsc.chn?utm_source=du-lieu,
127,(21/11/2024 00:00),"BID: 26.11.2024, ngày GDKHQ lấy ý kiến cổ đông bằng văn bản",https://cafef.vn/du-lieu/BID-2087893/bid-26112024-ngay-gdkhq-lay-y-kien-co-dong-bang-van-ban.chn?utm_source=du-lieu,
128,(14/11/2024 00:00),BID: Nghị quyết HĐQT về việc tổ chức lấy ý kiến cổ đông bằng văn bản năm 2024 và Thông báo về ngày đăng ký cuối cùng lấy ý kiến cổ đông bằng văn bản,https://cafef.vn/du-lieu/BID-2084679/bid-nghi-quyet-hdqt-ve-viec-to-chuc-lay-y-kien-co-dong-bang-van-ban-nam-2024-va-thong-bao-ve-ngay-dang-ky-cuoi-cung-lay-y-kien-co-dong-bang-van-ban.chn?utm_source=du-lieu,
129,(13/11/2024 00:00),BID: HĐQT thông qua thỏa thuận về bảo vệ dữ liệu cá nhân giữa BIDV và BSC,https://cafef.vn/du-lieu/BID-2084133/bid-hdqt-thong-qua-thoa-thuan-ve-bao-ve-du-lieu-ca-nhan-giua-bidv-va-bsc.chn?utm_source=du-lieu,
130,(13/11/2024 00:00),"BID: HĐQT thông qua các hợp đồng, giao dịch trong hoạt động KDV&TT",https://cafef.vn/du-lieu/BID-2084134/bid-hdqt-thong-qua-cac-hop-dong-giao-dich-trong-hoat-dong-kdvtt.chn?utm_source=du-lieu,
131,(01/11/2024 07:37),"Những cái tên lãi lớn nhất sàn chứng khoán quý 3/2024: Vinhomes 'đòi' lại ngôi vương, một cái tên gây bất ngờ",https://cafef.vn/nhung-cai-ten-lai-lon-nhat-san-chung-khoan-quy-32024-vinhomes-doi-lai-ngoi-vuong-mot-cai-ten-gay-bat-ngo-188241101073751618.chn?utm_source=du-lieu,"Bảng xếp hạng 20 đơn vị lãi trước thuế lớn nhất sàn chứng khoán trong quý 3/2024:
Vinhomes (VHM) là đơn vị có lợi nhuận trước thuế lớn nhất trong quý 3/2024. Công ty này đã đòi lại vị trí đầu bảng từ Vietcombank (VCB) sau 2 quý.
Cụ thể, ﻿Vinhomes công bố kết quả kinh doanh quý 3/2024 với doanh thu thuần đạt 33.323 tỷ đồng, tăng nhẹ gần 2% so với cùng kỳ năm trước. Khấu trừ các khoản chi phí khác, Vinhomes báo lợi nhuận trước thuế quý 3/2024 đạt hơn 10.800 tỷ đồng.
Vietcombank (VCB) đứng ở vị trí ""á quân""  với ợi nhuận trước thuế hợp nhất quý 3/2024 đạt 10.699 tỷ đồng, tăng 18% so với cùng kỳ và cao nhất hệ thống. Lũy kế 9 tháng, lãi trước thuế của nhà băng này đạt 31.533 tỷ đồng, tăng 7%. Cuối tháng 9, tổng tài sản của Vietcombank đạt 1,93 triệu tỷ đồng, tăng 5% so với đầu năm.
Các ngân hàng tiếp theo nằm trong Top 5 lợi nhuận lần lượt là MB (7.308 tỷ đồng), Techcombank (7.214 tỷ đồng) và Vietinbank (6.522 tỷ đồng). Trong top 10 công ty lãi lớn nhất trên sàn chứng khoán có tới 8 ngân hàng. Xét rộng ra top 20 con số này là 12 ngân hàng.
Công ty phi tài chính còn lại trong top 10 chính là Vingroup (VIC) - công ty mẹ của Vinhome và VinFast. Trong quý vừa qua, doanh nghiệp này mang về 62.851 tỷ đồng doanh thu - một kỷ lục mới của doanh nghiệp này. Lợi nhuận trước thuế đạt 4.705 tỷ đồng, tăng 5% so với cùng kỳ.
Những cái tên phi tài chính còn lại trong nhóm đều là những cái tên quen mặt như Hòa Phát, PV Gas, Vinamilk, FPT, ACV...
Bất ngờ nhất trong top 20 lần này chính là sự góp mặt của Novaland (NVL) . Theo BCTC quý 3/2024, công ty lãi ròng kỷ lục 3.﻿120 tỷ đồng trong quý, gấp 18 lần cùng kỳ năm trước. Mặc dù doanh thu và lợi nhuận gộp đều tăng mạnh so với cùng kỳ, nhưng thực tế, nếu không có khoản doanh thu tài chính gần 3.900 tỷ đồng, Novaland sẽ lỗ."
132,(01/11/2024 00:00),"BID: Bổ nhiệm bà Phạm Thị Thanh Nga, ông Đặng Xuân Thắng phụ trách Quản trị từ 1.11.2024",https://cafef.vn/du-lieu/BID-2079591/bid-bo-nhiem-ba-pham-thi-thanh-nga-ong-dang-xuan-thang-phu-trach-quan-tri-tu-1112024.chn?utm_source=du-lieu,
133,(10/10/2024 00:00),BID: HĐQT phê duyệt mua lại khoản nợ vay tài trợ dự án Bệnh viện Đa khoa tình Bình Định tại BIDC-CN.TPHCM,https://cafef.vn/du-lieu/BID-2066838/bid-hdqt-phe-duyet-mua-lai-khoan-no-vay-tai-tro-du-an-benh-vien-da-khoa-tinh-binh-dinh-tai-bidccntphcm.chn?utm_source=du-lieu,
134,(27/09/2024 00:00),"BID: Thông báo về ngày đăng ký cuối cùng để thực hiện quyền mua lại toàn bộ trái phiếu trước hạn mã trái phiếu BID121028, BID121027",https://cafef.vn/du-lieu/BID-2060335/bid-thong-bao-ve-ngay-dang-ky-cuoi-cung-de-thuc-hien-quyen-mua-lai-toan-bo-trai-phieu-truoc-han-ma-trai-phieu-bid121028-bid121027.chn?utm_source=du-lieu,
135,(25/09/2024 00:00),BID: Quyết định của HĐQT thông qua Phụ lục Hợp đồng đại lý năm 2024 với Công ty TNHH Bảo hiểm nhân thọ BIDV MetLife,https://cafef.vn/du-lieu/BID-2059444/bid-quyet-dinh-cua-hdqt-thong-qua-phu-luc-hop-dong-dai-ly-nam-2024-voi-cong-ty-tnhh-bao-hiem-nhan-tho-bidv-metlife.chn?utm_source=du-lieu,
136,(25/09/2024 00:00),"BID: Quyết định của HĐQT thông qua Hợp đồng bảo hiểm tiền, vàng giữa BIDV với Tổng Công ty Bảo hiểm BIDV (BIC)",https://cafef.vn/du-lieu/BID-2059445/bid-quyet-dinh-cua-hdqt-thong-qua-hop-dong-bao-hiem-tien-vang-giua-bidv-voi-tong-cong-ty-bao-hiem-bidv-bic.chn?utm_source=du-lieu,
137,(23/09/2024 00:00),"BID: HĐQT thông qua hợp đồng, giao dịch thuê tại tầng 03, tháp BIDV",https://cafef.vn/du-lieu/BID-2057794/bid-hdqt-thong-qua-hop-dong-giao-dich-thue-tai-tang-03-thap-bidv.chn?utm_source=du-lieu,
138,(13/09/2024 00:00),BID: HĐQT thông qua Hợp đồng cho thuê Văn phòng giữa BIDC và Văn phòng đại diện BIDV tại Campuchia,https://cafef.vn/du-lieu/BID-2054293/bid-hdqt-thong-qua-hop-dong-cho-thue-van-phong-giua-bidc-va-van-phong-dai-dien-bidv-tai-campuchia.chn?utm_source=du-lieu,
139,(11/09/2024 00:00),BID: HĐQT phê duyệt phương án thông qua hợp đồng cho BIC thuê một phần diện tích chưa sử dụng tại một số chi nhánh BIDV,https://cafef.vn/du-lieu/BID-2052038/bid-hdqt-phe-duyet-phuong-an-thong-qua-hop-dong-cho-bic-thue-mot-phan-dien-tich-chua-su-dung-tai-mot-so-chi-nhanh-bidv.chn?utm_source=du-lieu,
140,(11/09/2024 00:00),"BID: HĐQT phê duyệt phương án, thông qua hợp đồng cho MHBS thuê một phần diện tích chưa sử dụng tại BIDV chi nhánh Bà Chiểu",https://cafef.vn/du-lieu/BID-2052039/bid-hdqt-phe-duyet-phuong-an-thong-qua-hop-dong-cho-mhbs-thue-mot-phan-dien-tich-chua-su-dung-tai-bidv-chi-nhanh-ba-chieu.chn?utm_source=du-lieu,
141,(30/08/2024 10:28),"Công bố Top 20 ngân hàng nộp ngân sách lớn nhất thuộc danh sách VNTAX 200: Gồm cả khối nhà nước, tư nhân, nước ngoài",https://cafef.vn/cong-bo-top-20-ngan-hang-nop-ngan-sach-lon-nhat-thuoc-danh-sach-vntax-200-gom-ca-khoi-nha-nuoc-tu-nhan-nuoc-ngoai-188240830102146924.chn?utm_source=du-lieu,"Lâu nay đã có nhiều bảng vinh danh doanh nghiệp nhưng chưa có bảng vinh danh nào phản ánh về tổng nộp ngân sách của doanh nghiệp. Trong khi đó, đây là một trong những nhân tố quan trọng phản ánh mức độ đóng góp của doanh nghiệp cho xã hội. Với mong muốn ghi nhận vai trò quan trọng của khu vực tư nhân trong nền kinh tế, tôn vinh và lan tỏa tinh thần phụng sự xã hội của các doanh nghiệp, ngày 15/8/2024, CafeF đã công bố PRIVATE 100 – Danh sách các doanh nghiệp tư nhân nộp ngân sách lớn nhất Việt Nam.
PRIVATE 100 gồm danh sách chung của tất cả những doanh nghiệp tư nhân có số nộp trên 100 tỷ đồng; Top 100 doanh nghiệp dẫn đầu cùng một số danh sách các doanh nghiệp dẫn đầu các nhóm ngành như Ngân hàng, Chứng khoán, Thực phẩm – Đồ uống, Bất động sản, Bán lẻ, Các tập đoàn đa ngành hàng đầu …
Với mục tiêu không chỉ ghi nhận sự đóng góp của khu vực kinh tế nhân, CafeF đang tiếp tục xây dựng VNTAX 200 – Danh sách các doanh nghiệp nộp ngân sách lớn nhất Việt Nam. So với PRIVATE 100, danh sách này sẽ bao gồm tất cả các loại hình doanh nghiệp, từ doanh nghiệp nhà nước, doanh nghiệp tư nhân, doanh nghiệp nước ngoài, liên doanh…
HƠN 100 DOANH NGHIỆP NỘP TRÊN 1.000 TỶ ĐỒNG
Với quy mô lớn hơn, mức nộp ngân sách tối thiểu để vào danh sách chung của VNTAX 200 cũng như các danh sách ngành liên quan ở mức tối thiểu 200 tỷ đồng trở lên. Danh sách công bố năm 2024 được thống kê theo số liệu thực nộp trong niên độ tài chính (12 tháng) kết thúc vào các thời điểm trong khoảng thời gian từ 30/6/2023 đến 31/3/2024.
Hiện danh sách VNTAX 200 đang được hoàn thiện. Các doanh nghiệp có số liệu đáp ứng tiêu chí đều có thể cung cấp để bổ sung vào danh sách.
Nếu như trong danh sách doanh nghiệp tư nhân chỉ có hơn 30 doanh nghiệp nộp ngân sách trên 1.000 tỷ đồng thì ở VNTAX 200, hiện đã có 104 doanh nghiệp. Trong đó, có ít nhất 14 công ty nộp trên 10.000 tỷ đồng – theo danh sách hiện đã thu thập được.
20 NGÂN HÀNG LỚN NHẤT NỘP NGÂN SÁCH 80.200 TỶ ĐỒNG
Với vai trò là một trong những đầu tàu quan trọng của nền kinh tế, các ngân hàng tư có mức đóng góp ngày càng lớn vào ngân sách nhà nước. Với ngành ngân hàng, các loại thuế nộp chủ yếu là thuế thu nhập doanh nghiệp, thuế VAT, thuế thu nhập cá nhân.
Số liệu tổng hợp từ báo cáo tài chính kiểm toán hợp nhất của các ngân hàng cho thấy trong năm 2023, Top 20 ngân hàng nộp ngân sách lớn nhất nộp tổng cộng 80.200 tỷ đồng. Ba cái tên dẫn đầu lần lượt là Vietcombank (11.600 tỷ), Techcombank (7.900 tỷ) và MB (7.500 tỷ).
Cả 5 ngân hàng mà nhà nước có ảnh hưởng lớn gồm Big4 và MB đều nằm ở trong Top10. Có 1 đại diện của nhóm ngân hàng nước ngoài là HSBC."
142,(29/08/2024 00:00),BID: Quyết định về việc thay đổi địa chỉ đặt trụ sở Chi nhánh Phú Nhuận,https://cafef.vn/du-lieu/BID-2046102/bid-quyet-dinh-ve-viec-thay-doi-dia-chi-dat-tru-so-chi-nhanh-phu-nhuan.chn?utm_source=du-lieu,
143,(27/08/2024 00:00),BID: Quyết định của TGĐ về việc thay đổi địa điểm đặt trụ sở chi nhánh Hóc Môn,https://cafef.vn/du-lieu/BID-2045164/bid-quyet-dinh-cua-tgd-ve-viec-thay-doi-dia-diem-dat-tru-so-chi-nhanh-hoc-mon.chn?utm_source=du-lieu,
144,(27/08/2024 00:00),BID: HĐQT thông qua hợp đồng hỗ trợ kỹ thuật giữa BIDV và KEB Hana Bank,https://cafef.vn/du-lieu/BID-2045170/bid-hdqt-thong-qua-hop-dong-ho-tro-ky-thuat-giua-bidv-va-keb-hana-bank.chn?utm_source=du-lieu,
145,(21/08/2024 00:00),BID: Quyết định thay đổi địa điểm trụ sở chi nhánh Bắc Quảng Bình,https://cafef.vn/du-lieu/BID-2042329/bid-quyet-dinh-thay-doi-dia-diem-tru-so-chi-nhanh-bac-quang-binh.chn?utm_source=du-lieu,
146,(15/08/2024 07:00),"Vắng 2 công ty họ ""V"", lần đầu tiên trong lịch sử top 5 doanh nghiệp lớn nhất TTCK đều là các đơn vị do nhà nước nắm chi phối",https://cafef.vn/vang-2-cong-ty-ho-v-lan-dau-tien-trong-lich-su-top-5-doanh-nghiep-lon-nhat-ttck-deu-la-cac-don-vi-do-nha-nuoc-nam-chi-phoi-18824081501484503.chn?utm_source=du-lieu,"Trong vòng 10 năm qua, thị trường chứng khoán Việt Nam đã chứng kiến nhiều biến động và thay đổi lớn. Cùng với đó, bảng xếp hạng top 10 doanh nghiệp có vốn hóa lớn nhất trên thị trường cũng đã trải qua những biến động đáng kể.
Các ngân hàng vẫn là tiếp tục nắm giữ nhiều vị trí trong top 10. Trong suốt thập kỷ qua, chưa khi nào, trong top 10 doanh nghiệp có vốn hóa lớn nhất trên thị trường không có ít nhất 3 ngân hàng. Đặc biệt, Vietcombank đã nắm giữ vị trí top 1 trong gần 4 năm liên tiếp với vốn hóa cách biệt so với vị trí thứ 2. Tại ngày 9/8/2024, giá trị vốn hóa của Vietcombank hơn 490.000 tỷ, BIDV đứng thứ 2 với 266.000 tỷ, ACV đứng thứ 3 với 239.000 tỷ.
Đáng chú ý, tính đến phiên giao dịch ngày 9/8/2024, top 5 doanh nghiệp có vốn hóa lớn nhất thị trường ghi nhận toàn bộ là các doanh nghiệp nhà nước bao gồm Vietcombank, BIDV, ACV, Viettel Global và PV Gas. Đây là lần đầu tiên trong vòng 10 năm qua, bảng xếp hạng top 5 doanh nghiệp có vốn hóa lớn nhất thị trường vắng bóng các doanh nghiệp tư nhân.
Nằm trong số những doanh nghiệp tư nhân lớn nhất cả nước, ngay từ khi lên sàn Vinamilk và Vingroup luôn nằm trong nhóm có vốn hóa cao. Trong giai đoạn 6 năm liền, từ 2015-2022, Vinamilk và Vingroup đã thay nhau đứng vị trí số 1 về vốn hóa.
Từ sau năm 2017, thứ hạng của Vinamilk đã tụt khá sâu khi có nhiều doanh nghiệp mới vươn lên và đến tháng 8 năm nay đã bị out khỏi top 10.
Vingroup hoặc Vinhomes thì vẫn thường xuyên đứng trong top 5 đến năm 2023 trước khi tụt hạng khá sâu trong năm nay.
Top 10 doanh nghiệp có vốn hóa lớn nhất thị trường kể từ năm 2015 - 2024
Nguyên nhân đến từ đà tăng trưởng vượt trội của ACV và Viettel Global trong 6 tháng đầu năm với việc liên tục vượt đỉnh lịch sử đưa giá trị vốn hóa lên cao. Từ top 9 trong cuối năm 2023, Viettel Global đã vươn lên vị trí thứ 3 với giá trị vốn hóa hơn 239.000 tỷ, tăng hơn 95.000 tỷ so với hồi cuối năm ngoái. Lần đầu xuất hiện trong top 10 kể từ năm 2015 tới nay nhưng Viettel Global đứng ở vị trí thứ 4 với vốn hóa gần 193.000 tỷ, tăng hơn 114.000 tỷ đồng trong vòng hơn 8 tháng.
Với việc AI, bán dẫn hay chip... đang trở thành xu hướng của thế giới cùng với kết quả kinh doanh khả quan, trong 6 tháng đầu năm năm 2024, nhóm cổ phiếu công nghệ, đặc biệt là ""họ FPT"" và ""họ Viettel"" đã ghi dấu ấn trên sàn chứng khoán. Bên cạnh Viettel Global, FPT cũng lần đầu tiên tiến vào top 10 doanh nghiệp có vốn hóa lớn nhất trong 10 năm qua. Cụ thể, vốn hóa của FPT tại ngày 9/8 đạt hơn 185.000 tỷ.
Bên cạnh sự vươn lên của các doanh nghiệp trên, 2 doanh nghiệp họ nhà Vin là Vingroup và Vinhomes đã bị tụt khỏi top 5 doanh nghiệp có vốn hóa lớn nhất thị trường sau 6 năm liên tiếp cùng trong top từ 2018 - 2023. Với việc giá cổ phiếu đi xuống so với hồi đầu năm, vốn hóa thị trường của Vinhomes đã giảm 26.000 tỷ và Vingroup đã giảm gần 13.000 tỷ, lần lượt đứng ở vị trí thứ 9 và thứ 10.
Một số doanh nghiệp đã tồn tại trong top 10 vốn hóa liên tục trong 10 năm qua có thể kể đến là Vietcombank, Vingroup, BIDV, PV Gas."
147,(07/08/2024 00:00),BID: Nghị quyết HĐQT phê duyệt phương án phát hành TP để tăng vốn riêng lẻ lần 03 năm 2024,https://cafef.vn/du-lieu/BID-2035638/bid-nghi-quyet-hdqt-phe-duyet-phuong-an-phat-hanh-tp-de-tang-von-rieng-le-lan-03-nam-2024.chn?utm_source=du-lieu,
148,(07/08/2024 00:00),"BID: HĐQT phê duyệt phương án, hợp đồng cho BIC thuê một phần diện tích chưa sử dụng tại BIDV Chi nhánh Mỹ Đình",https://cafef.vn/du-lieu/BID-2035715/bid-hdqt-phe-duyet-phuong-an-hop-dong-cho-bic-thue-mot-phan-dien-tich-chua-su-dung-tai-bidv-chi-nhanh-my-dinh.chn?utm_source=du-lieu,
149,(31/07/2024 16:53),"Ngân hàng Việt đầu tiên cán mốc 2,5 triệu tỷ đồng tổng tài sản",https://cafef.vn/ngan-hang-viet-dau-tien-can-moc-25-trieu-ty-dong-tong-tai-san-188240731165341154.chn?utm_source=du-lieu,"Theo báo cáo tài chính hợp nhất quý 2/2024 vừa được công bố, tổng tài sản Ngân hàng TMCP Đầu tư và Phát triển (BIDV – BID) cuối tháng 6/2024 đã đạt hơn 2,5 triệu tỷ đồng, tăng 9,6% so với đầu năm. Hiện BIDV là ngân hàng có tổng tài sản lớn nhất tại Việt Nam.
Trong 6 tháng đầu năm, dư nợ cho vay khách hàng của BIDV tăng 5,9%, đạt hơn 1,88 triệu tỷ đồng. Tiền gửi khách hàng tăng 6% lên hơn 1,8 triệu tỷ.
Tại ngày 30/6, tổng nợ xấu BIDV ở mức 28.687 tỷ đồng, tăng 28,3% so với đầu năm. Tỷ lệ nợ xấu/dư nợ cho vay ở mức 1,52%, cao hơn so với mức 1,26% hồi đầu năm.
Về kết quả kinh doanh, lợi nhuận trước thuế quý 2/2024 của BIDV đạt 8.159 tỷ đồng, tăng 17,4% so với quý 2/2023. Luỹ kế 6 tháng, lợi nhuận trước thuế đạt 15.549 tỷ đồng, tăng 12,1%. Theo đó, BIDV đứng thứ 3 về lợi nhuận, sau Techcombank (hơn 15.600 tỷ) và Vietcombank (hơn 20.800 tỷ).
Hầu hết các mảng kinh doanh của BIDV đều có kết quả khả quan. Trong đó, thu nhập lãi thuần tăng 3,3%, đạt hơn 28.300 tỷ đồng. Lãi từ hoạt động dịch vụ tăng 13,8%, đạt hơn 3.600 tỷ. Đặc biệt, lãi từ kinh doanh ngoại hối tăng gấp đôi lên 3.191 tỷ đồng. Lãi từ mua bán chứng khoán đầu tư tăng hơn 7 lần lên 221 tỷ đồng.
Tổng thu nhập hoạt động 6 tháng đầu năm của BIDV đạt 37.396 tỷ đồng, tăng 8,3% so với cùng kỳ. Trong khi đó, chi phí hoạt động tăng 8% lên 12.100 tỷ đồng. Chi phí dự phòng rủi ro tăng 3% lên 9.746 tỷ đồng. Tỷ lệ CIR (chi phí hoạt động/tổng thu nhập) ở mức 32,4%, đi ngang so với cùng kỳ năm 2023. Chi phí dự phòng rủi ro chiếm khoảng 38,5% so với lợi nhuận thuần từ hoạt động kinh doanh."
150,(30/07/2024 00:00),BID: Báo cáo tình hình quản trị công ty 6 tháng đầu năm 2024,https://cafef.vn/du-lieu/BID-2063229/bid-bao-cao-tinh-hinh-quan-tri-cong-ty-6-thang-dau-nam-2024.chn?utm_source=du-lieu,
151,(22/07/2024 00:00),"BID: Báo cáo định kỳ tình hình thanh toán gốc, lãi trái phiếu doanh nghiệp 6 tháng đầu năm 2024 và riêng lẻ",https://cafef.vn/du-lieu/BID-2027163/bid-bao-cao-dinh-ky-tinh-hinh-thanh-toan-goc-lai-trai-phieu-doanh-nghiep-6-thang-dau-nam-2024-va-rieng-le.chn?utm_source=du-lieu,
152,(17/07/2024 00:00),BID: HĐQT thông qua hợp đồng bảo hiểm tiền tại cơ sở kinh doanh và HĐBH tiền trên đường vận chuyển,https://cafef.vn/du-lieu/BID-2024849/bid-hdqt-thong-qua-hop-dong-bao-hiem-tien-tai-co-so-kinh-doanh-va-hdbh-tien-tren-duong-van-chuyen.chn?utm_source=du-lieu,
153,(05/07/2024 00:00),BID: Nghị quyết HĐQT về việc phê duyệt phương án phát hành TP để tăng vốn cho SSI,https://cafef.vn/du-lieu/BID-2019156/bid-nghi-quyet-hdqt-ve-viec-phe-duyet-phuong-an-phat-hanh-tp-de-tang-von-cho-ssi.chn?utm_source=du-lieu,
154,(05/07/2024 00:00),BID: Nghị quyết HĐQT về việc phê duyệt phương án mua lại trước hạn TP BID12234,https://cafef.vn/du-lieu/BID-2019157/bid-nghi-quyet-hdqt-ve-viec-phe-duyet-phuong-an-mua-lai-truoc-han-tp-bid12234.chn?utm_source=du-lieu,
155,(03/07/2024 00:00),"BID: Thông báo sửa đổi, bổ sung Điều lệ tổ chức và hoạt động",https://cafef.vn/du-lieu/BID-2018877/bid-thong-bao-sua-doi-bo-sung-dieu-le-to-chuc-va-hoat-dong.chn?utm_source=du-lieu,
156,(03/07/2024 00:00),BID: Ủy quyền cho ông Trần Phương công bố thông tin,https://cafef.vn/du-lieu/BID-2020139/bid-uy-quyen-cho-ong-tran-phuong-cong-bo-thong-tin.chn?utm_source=du-lieu,
157,(28/06/2024 00:00),BID: Quyết định HĐQT thông qua giao dịch với bên có liên quan,https://cafef.vn/du-lieu/BID-2015201/bid-quyet-dinh-hdqt-thong-qua-giao-dich-voi-ben-co-lien-quan.chn?utm_source=du-lieu,
158,(18/06/2024 00:00),MBS: Nghị quyết HĐQT thiết lập hạn mức tín dụng tối đa 2.300 tỷ đồng với BIDV,https://cafef.vn/du-lieu/BID-2009644/mbs-nghi-quyet-hdqt-thiet-lap-han-muc-tin-dung-toi-da-2300-ty-dong-voi-bidv.chn?utm_source=du-lieu,
159,(14/06/2024 00:00),BID: Nghị quyết HĐQT về việc phát hành trái phiếu riêng lẻ năm 2024,https://cafef.vn/du-lieu/BID-2007835/bid-nghi-quyet-hdqt-ve-viec-phat-hanh-trai-phieu-rieng-le-nam-2024.chn?utm_source=du-lieu,
160,(12/06/2024 00:00),BID: Quyết định của HĐQT về việc thay đổi địa điểm đặt trụ sở Chi nhánh Tam Điệp,https://cafef.vn/du-lieu/BID-2006961/bid-quyet-dinh-cua-hdqt-ve-viec-thay-doi-dia-diem-dat-tru-so-chi-nhanh-tam-diep.chn?utm_source=du-lieu,
161,(10/06/2024 00:00),BID: HĐQT thông qua giao dịch cho vay hợp vốn giữa BIDV Thanh Xuân và BIDC Hà Nội,https://cafef.vn/du-lieu/BID-2005460/bid-hdqt-thong-qua-giao-dich-cho-vay-hop-von-giua-bidv-thanh-xuan-va-bidc-ha-noi.chn?utm_source=du-lieu,
162,(17/05/2024 00:00),BID: Nghị quyết HĐQT phê duyệt phương án phát hành trái phiếu tăng vốn riêng lẻ giai đoạn 2 năm 2024,https://cafef.vn/du-lieu/BID-1993619/bid-nghi-quyet-hdqt-phe-duyet-phuong-an-phat-hanh-trai-phieu-tang-von-rieng-le-giai-doan-2-nam-2024.chn?utm_source=du-lieu,
163,(17/05/2024 00:00),BID: Thông báo ký kết hợp đồng kiểm toán BCTC 2024,https://cafef.vn/du-lieu/BID-1993621/bid-thong-bao-ky-ket-hop-dong-kiem-toan-bctc-2024.chn?utm_source=du-lieu,
164,(02/05/2024 00:00),BID: Nghị quyết và Biên bản họp ĐHĐCĐ thường niên năm 2024,https://cafef.vn/du-lieu/BID-1986495/bid-nghi-quyet-va-bien-ban-hop-dhdcd-thuong-nien-nam-2024.chn?utm_source=du-lieu,
165,(24/04/2024 00:00),BID: Nghị quyết HĐQT phê duyệt phương án phát hành Trái phiếu tăng vốn riêng lẻ,https://cafef.vn/du-lieu/BID-1983074/bid-nghi-quyet-hdqt-phe-duyet-phuong-an-phat-hanh-trai-phieu-tang-von-rieng-le.chn?utm_source=du-lieu,
166,(24/04/2024 00:00),BID: Nghị quyết HĐQT phê duyệt mua lại danh mục Trái phiếu đủ điều kiện ghi nhận vốn cấp 2,https://cafef.vn/du-lieu/BID-1983075/bid-nghi-quyet-hdqt-phe-duyet-mua-lai-danh-muc-trai-phieu-du-dieu-kien-ghi-nhan-von-cap-2.chn?utm_source=du-lieu,
167,(19/04/2024 00:00),BID: HĐQT thông qua hợp đồng dịch vụ đặt lệnh giao dịch trái phiếu/tín phiếu kiêm thỏa thuận phương thức giao dịch qua fax/email với BSC,https://cafef.vn/du-lieu/BID-1979676/bid-hdqt-thong-qua-hop-dong-dich-vu-dat-lenh-giao-dich-trai-phieutin-phieu-kiem-thoa-thuan-phuong-thuc-giao-dich-qua-faxemail-voi-bsc.chn?utm_source=du-lieu,
168,(05/04/2024 00:00),BID: Link công bố tài liệu họp ĐHĐCĐ thường niên năm 2024,https://cafef.vn/du-lieu/BID-1972129/bid-link-cong-bo-tai-lieu-hop-dhdcd-thuong-nien-nam-2024.chn?utm_source=du-lieu,
169,(22/03/2024 19:17),BIDV sẽ phát hành cổ phiếu riêng lẻ với giá bao nhiêu?,https://cafef.vn/bidv-se-phat-hanh-co-phieu-rieng-le-voi-gia-bao-nhieu-188240322171835862.chn?utm_source=du-lieu,"Ảnh minh họa
Trong báo cáo phân tích về BIDV công bố mới đây, chuyên viên phân tích Công ty Chứng khoán Bảo Việt (BVSC) cho rằng, BIDV đã tiếp xúc với 38 nhà đầu tư trong thời gian qua để thực hiện kế hoạch phát hành riêng lẻ 9% cổ phần theo nghị quyết tại ĐHĐCĐ năm 2022.
Trước đó, BIDV từng phát hành riêng lẻ cho KEB Hana Bank 15% vốn điều lệ vào năm 2019 với tổng giá trị giao dịch gần 20.300 tỷ đồng, tương đương với mức giá 33.640 đồng/cổ phiếu và định giá P/B là 1,9 lần.
Theo đánh giá của BVSC, giá phát hành trong thương vụ mới này có thể rơi vào mức P/B 2 lần cao hơn so với mức định giá trong thương vụ bán cho KEB Hana Bank vì 2 lý do.
Thứ nhất, ROE năm 2022 - 2023 của BIDV đạt trung bình 19%, cao hơn nhiều so với trung bình giai đoạn trước đó 14,5% và dự kiến ROE giai đoạn 2024 - 2028 cũng sẽ duy trì ở mức cao 19 - 20%.
Thứ hai, nợ xấu của BIDV cải thiện nhiều so với giai đoạn trước đó và chi phí tín dụng cũng giảm mạnh giúp ngân hàng có dư địa tăng trưởng nhiều hơn.
Với mức P/B là 2 lần, giá phát hành sẽ tương đương 48.036 đồng/cổ phiếu (với giả định giá trị sổ sách giữa năm 2024 là 24.018 đồng/cổ phiếu).
Nếu phát hành thành công, BIDV có thể thu về hơn 27.000 tỷ đồng, củng cố bộ đệm vốn cũng như hệ số CAR của ngân hàng, qua đó giúp ngân hàng có thể đạt mức tăng trưởng tín dụng cao hơn.
Tuy nhiên, BVSC cho rằng, việc hoàn tất thương vụ có thể kéo dài đến năm 2025 trước bối cảnh các nhà đầu tư nước ngoài thu hẹp khẩu vị rủi ro, và chưa mở rộng đầu tư vào Việt Nam.
Trong đánh giá cập nhật mới nhất, Chứng khoán Vietcap kỳ vọng việc phát hành riêng lẻ của BIDV sẽ diễn ra vào cuối năm 2024. Đồng thời, Vietcap cũng nâng kỳ vọng về giá hành từ 48.000 đồng/cổ phiếu lên 55.000 đồng/cổ phiếu, tương ứng tổng số tiền thu được dự kiến đạt 28,2 nghìn tỷ đồng so với mức 24,6 nghìn tỷ đồng như dự kiến trước đây.
Sau đợt phát hành cho KEB Hana Bank vào năm 2019, BIDV đã có kế hoạch phát hành riêng lẻ cho nhà đầu tư nước ngoài nhưng đến nay chưa thực hiện thành công.
Đại hội đồng cổ đông bất thường BIDV năm 2024 vưa qua đã thông qua việc điều chỉnh thời gian thực hiện chào bán thêm cổ phiếu tại Phương án tăng vốn điều lệ năm 2023. Theo đó, ĐHĐCĐ quyết định lùi thời gian thực hiện phương án tăng vốn sang năm 2024.
Trước đó, tại Đại hội đồng cổ đông thường niên 2023, Chủ tịch Phan Đức Tú cho biết: ""Ban lãnh ngân hàng đã rất nỗ lực để thực hiện việc này, đã tiếp xúc tổng cộng 38 nhà đầu tư trong 3 năm qua nhưng do điều không thuận lợi là tình hình kinh tế các nước, sự thu hẹp của khẩu vị rủi ro của các nhà đầu tư đối với thị trường mới nổi, cùng với chính sách thắt chặt tiền tệ của các nước làm giảm sút việc mở rộng đầu tư vào Việt Nam"".
""Năm 2023, chúng tôi vẫn tiếp tục thực hiện nhiệm vụ này. Hiện nay, chúng tôi có một số nhà đầu tư tiềm năng nhưng không thể công bố được. Chúng tôi sẽ cố gắng thực hiện nhiệm vụ này trong năm 2023"", ông Tú nhấn mạnh tại ĐHĐCĐ thường niên năm 2023."
170,(15/03/2024 00:00),BID: Bổ nhiệm ông Ham Jin Sik làm Thành viên Ban điều hành từ 1.3.2024,https://cafef.vn/du-lieu/BID-1960469/bid-bo-nhiem-ong-ham-jin-sik-lam-thanh-vien-ban-dieu-hanh-tu-132024.chn?utm_source=du-lieu,
171,(08/03/2024 00:00),"BID: 25.3.2024, ngày GDKHQ tham dự ĐHCĐ thường niên năm 2024",https://cafef.vn/du-lieu/BID-1956388/bid-2532024-ngay-gdkhq-tham-du-dhcd-thuong-nien-nam-2024.chn?utm_source=du-lieu,
172,(05/03/2024 15:15),"Từng giá trị gấp 4 lần Vietcombank, nay VinFast bị đơn vị thứ 2 trong nước 'vượt mặt': Vốn hoá BIDV đã lên 310.000 tỷ, tăng gần 100.000 tỷ sau nửa năm",https://cafef.vn/tung-gia-tri-gap-4-lan-vietcombank-nay-vinfast-bi-don-vi-thu-2-trong-nuoc-vuot-mat-von-hoa-bidv-da-len-310000-ty-tang-gan-100000-ty-sau-nua-nam-188240305151507242.chn?utm_source=du-lieu,"Kết thúc phiên giao dịch ngày 5/3, cổ phiếu BID của ngân hàng TMCP Đầu tư và Phát triển Việt Nam (BIDV) tiếp tục phá kỷ lục về giá của chính mình khi tăng 1,68% lên mức 54.400 đồng/cp. Khối lượng khớp lệnh trong phiên ở mức gần 1,2 triệu đơn vị. Nhìn xa hơn, thị giá của BID đã tăng đến gần 25% so với đầu năm và tăng đến 46,5% so với cách đây nửa năm - thời điểm mã này bắt đầu nổi sóng tăng.
Ở mức giá 54.200 đồng/cp, vốn hóa của BIDV tiếp tủng củng cố vị trí thứ hai trên sàn chứng khoán Việt Nam khi đạt mức 310.000 tỷ đồng, tăng 62.500 tỷ so với đầu năm và tăng 99.000 tỷ đồng so với đầu tháng 10 năm ngoái.
Đặc biệt, xét trên bình diện tất cả các doanh nghiệp Việt Nam, vốn hóa của ngân hàng này cũng đã chính thức vượt hãng xe điện VinFast của tỷ phú Phạm Nhật Vượng. Kết thúc phiên giao dịch 4/3 tại Mỹ, cổ phiếu VFS đạt mức giá 5,28 USD/cp, tương đương hơn 129.000 đồng/cp, qua đó, giúp vốn hóa của hãng xe này chỉ còn 302.000 tỷ đồng.
Trong ngày đầu niêm yết, vốn hóa của hãng xe điện này gấp hơn 4,1 lần Vietcombank (20,7 tỷ USD) – ngân hàng có giá trị thị trường lớn nhất Việt Nam và gấp 2,3 lần tổng vốn hóa của 3 ngân hàng TMCP gốc quốc doanh Vietcombank, VietinBank và BIDV (khoảng 37 tỷ USD).
Tại mức đỉnh 190 tỷ USD, thậm chí vốn hóa của VinFast này còn gấp 2,2 lần tổng của 10 công ty và ngân hàng có vốn hóa lớn nhất trên sàn chứng khoán Việt Nam. Như vậy, trong nước đã có hai đơn vị có thể vượt VinFast là BIDV và Vietcombank.
Trong những năm qua, BIDV đã liên tục tăng trưởng mạnh, kéo theo việc giá cổ phiếu cũng liên tục tăng. Năm 2023, ngân hàng lãi trước thuế hợp nhất 27.600 tỷ đồng, tăng 20,6% so với thực hiện năm 2022. Đây là lần đầu tiên lợi nhuận của nhà băng này vượt ngưỡng 1 tỷ USD. Với mức lợi nhuận này, BIDV là ngân hàng có lợi nhuận cao thứ hai trong nhóm Big 4, chỉ sau Vietcombank (hơn 41.000 tỷ đồng).
Đến cuối năm 2023, tổng tài sản BIDV đạt 2,3 triệu tỷ đồng; tiếp tục giữ vững vị thế là ngân hàng TMCP có quy mô tổng tài sản lớn nhất tại Việt Nam. Tiền gửi khách hàng đạt 1,7 triệu tỷ đồng, tăng 15,7%. Cho vay khách hàng đạt 1,78 triệu tỷ đồng, tăng trưởng 16,8% so với đầu kỳ. Tại thời điểm cuối năm, nợ xấu của BIDV ở mức 22.229 tỷ đồng, tỷ lệ nợ xấu tương ứng ở mức 1,25%.
Về kế hoạch kinh doanh năm 2024, BIDV cho biết dư nợ tín dụng điều hành theo giới hạn tín dụng Ngân hàng Nhà nước (NHNN) giao, dự kiến tăng 14%; Huy động vốn điều hành phù hợp với sử dụng vốn, đảm bảo an toàn thanh khoản, hiệu quả; Kiểm soát tỷ lệ nợ xấu theo Thông tư 11 ở mức ≤1,4%...
Câu chuyện tăng vốn của BIDV
Trong báo cáo phân tích công bố hồi tháng 12/2023, Chứng khoán Phú Hưng (PHS) cho biết câu chuyện phát hành riêng lẻ vẫn đang được BIDV xúc tiến sang năm 2024. Ngân hàng đang có kế hoạch phát hành riêng lẻ 9% cho nhà đầu tư. Thời gian qua, BIDV nỗ lực thực hiện, đã tiếp xúc với 38 nhà đầu tư. Tuy nhiên, tình hình kinh tế trong nước không thuận lợi đã làm giảm nhu cầu. BIDV sẽ làm việc với NHNN, các đối tác để tìm kiếm nhà đầu tư phù hợp nhất.
Còn theo Chứng khoán Vietcap cũng nhận định thương vụ tăng vốn của nhà băng này sẽ là điểm sáng của ngành ngân hàng trong năm 2024. Trước đó, ĐHĐCĐ thường niên 2023 đã thông qua phương án phát hành hơn 1 tỷ cổ phiếu, bao gồm gần 642 triệu cổ phiếu để trả cổ tức năm 2021 và phần còn lại là phát hành thêm cổ phiếu theo hình thức chào bán ra công chúng hoặc chào bán riêng lẻ (455 triệu cổ phiếu). Hồi cuối năm 2023, BIDV đã phát hành gần 642 triệu cổ phiếu để trả cổ tức năm 2021.
Theo Vietcap, một trong những nguyên nhân khiến BIDV chưa thực hiện được việc bán vốn trong năm 2023 vừa qua là do điều kiện kinh tế chưa cho phép. Với kỳ vọng kinh tế phục hồi trong năm 2024, cộng thêm môi trường lãi suất thấp, nhóm phân tích kỳ vọng hoạt động huy động vốn từ phát hành cổ phiếu có thể thành công.
Còn trong báo cáo chiến lược 2024, SSI Research đánh giá những ngân hàng có khả năng tăng vốn sớm hơn sẽ có điều kiện tốt hơn để đẩy nhanh quá trình xử lý nợ xấu, giành thêm thị phần và đạt kết quả khả quan hơn so với các ngân hàng khác.
Theo ước tính của SSI Research, lợi nhuận trước thuế (LNTT) năm 2024 của các ngân hàng thuộc phạm vi nghiên cứu của bộ phận phân tích này dự kiến tăng trưởng 16,5% so với cùng kỳ năm trước. Con số này cao hơn so với mức 5,2% trong năm 2023.
Về chất lượng tài sản, SSI Research cho rằng tình hình chung của các ngân hàng sẽ có sự cải thiện so với năm 2023, phần lớn là nhờ vào chi phí vốn đã giảm về mức thấp hơn nhiều so với 2023 và lợi nhuận trước dự phòng (PPOP) có sự cải thiện giúp các ngân hàng có dư địa để tạo một bộ đệm dự phòng tốt hơn.
Tỷ lệ nợ xấu có thể sẽ tăng trở lại trong nửa đầu năm 2024 khi tăng trưởng tín dụng chậm lại và các yếu tố vĩ mô chưa có dấu hiệu cải thiện rõ rệt. Tuy nhiên, tỷ lệ nợ xấu cuối năm 2024 được dự báo sẽ giảm nhẹ so với năm 2023 (1,63% so với 1,68%), do cuối năm dự kiến các ngân hàng sẽ đẩy mạnh xóa nợ xấu và nền kinh tế phục hồi mạnh hơn.
Mặt khác, các khoản nợ có vấn đề (bao gồm các khoản nợ Nhóm 2, các khoản vay tái cơ cấu, trái phiếu doanh nghiệp quá hạn và các khoản vay cũ) vẫn tiếp tục cần được giám sát chặt chẽ. Bên cạnh đó, nếu dự thảo sửa đổi Thông tư 16 nới lỏng việc hạn chế đầu tư trái phiếu doanh nghiệp của ngân hàng được thông qua, không loại trừ khả năng một phần rủi ro tín dụng sẽ quay trở lại đối với các ngân hàng tích cực mua lại trái phiếu doanh nghiệp."
173,(01/03/2024 00:00),BID: Bà Phan Thị Chinh - Thành viên HĐQT nghỉ hưu từ 1.6.2024,https://cafef.vn/du-lieu/BID-1954255/bid-ba-phan-thi-chinh-thanh-vien-hdqt-nghi-huu-tu-162024.chn?utm_source=du-lieu,
174,(01/03/2024 00:00),BID: Quyết định HĐQT v/v sửa đổi điều lệ tổ chức và hoạt động,https://cafef.vn/du-lieu/BID-1954283/bid-quyet-dinh-hdqt-vv-sua-doi-dieu-le-to-chuc-va-hoat-dong.chn?utm_source=du-lieu,
175,(28/02/2024 00:02),"Tổng vốn hóa “Big 3” ngân hàng Vietcombank, BIDV và VietinBank vượt 1 triệu tỷ đồng, chiếm 1/5 giá trị toàn sàn HoSE",https://cafef.vn/tong-von-hoa-big-3-ngan-hang-vietcombank-bidv-va-vietinbank-vuot-1-trieu-ty-dong-chiem-15-gia-tri-toan-san-hose-188240227210619135.chn?utm_source=du-lieu,"Thị trường chứng khoán Việt Nam đang ""băng băng"" tiến về vùng đỉnh 17 tháng với sự dẫn dắt của nhóm cổ phiếu ngân hàng, đặc biệt là ""Big 3"" Vietcombank, BIDV và VietinBank. Phiên 27/2 vừa qua, cổ phiếu VCB của Vietcombank tăng 1,79% lên mức 91.100 đồng/cp, qua đó song hành cùng HPG kéo VN-Index bứt phá mạnh.
Cú bứt phá đẩy giá trị vốn hóa của Vietcombank lên hơn 509.000 tỷ đồng (21 tỷ USD), tiếp tục củng cố vị trí số 1 toàn sàn chứng khoán. Con số này cao hơn 60.400 tỷ (2,5 tỷ USD) so với thời điểm đầu năm 2024 nhưng vẫn thấp hơn đôi chút so với mức kỷ lục từng đạt được vào cuối tháng 7 năm ngoái. Đến nay, Vietcombank vẫn là cái tên duy nhất trong lịch sử chứng khoán Việt Nam vượt ngưỡng nửa triệu tỷ vốn hóa.
Tương tự, cổ phiếu CTG của VietinBank cũng vừa có phiên tăng điểm khởi sắc qua đó tiến sát đến đỉnh lịch sử đạt được hồi giữa năm 2021. Giá trị vốn hóa của nhà băng này cũng theo đó tăng lên trên 194.000 tỷ đồng (8 tỷ USD), cao hơn khoảng 48.600 tỷ (2 tỷ USD) so với đầu năm 2024. Con số này đưa VietinBank đứng vị trí thứ 3 trong danh sách những cái tên giá trị nhất toàn sàn chứng khoán.
Chiều ngược lại, cổ phiếu BID của BIDV vừa có phiên điều chỉnh nhẹ sau khi lập đỉnh lịch sử và đang dừng ở mức 53.000 đồng/cp. Giá trị vốn hóa của ngân hàng tương ứng đạt hơn 302.000 tỷ đồng (12,5 tỷ USD), tăng khoảng 54.700 tỷ (2,3 tỷ USD) so với đầu năm 2024. Nếu tính từ khi bắt đầu nổi sóng đầu tháng 11 năm ngoái, vốn hóa của BIDV đã tăng thêm gần 100.000 tỷ đồng.
Như vậy, tổng vốn hóa của 3 ngân hàng Vietcombank, BIDV và VietinBank tính đến thời điểm hiện tại đã vượt 1 triệu tỷ đồng, tương đương khoảng 1/5 tổng giá trị toàn sàn HoSE. Đây là một kỷ lục vô tiền khoáng hậu trong lịch sử chứng khoán Việt Nam.
Câu chuyện tăng vốn
Một điểm chung của ""Big 3"" ngân hàng là đều đang có kế hoạch tăng vốn. Mới đây nhất, HĐQT VietinBank đưa ra quyết định thông qua phương án phân phối lợi nhuận năm 2022 với lợi nhuận còn lại sau khi trích các quỹ bắt buộc và quỹ khen thưởng phúc lợi là 11.648 tỷ đồng. Theo phê duyệt của cơ quan Nhà nước có thẩm quyền, ngân hàng sẽ dùng toàn bộ lợi nhuận còn lại này để chia cổ tức bằng cổ phiếu. Nếu thực hiện thành công, vốn điều lệ của VietinBank sẽ tăng từ 53.700 tỷ lên mức 65.300 tỷ đồng.
Tương tự, Vietcombank cũng đã công bố kế hoạch tổ chức Đại hội đồng cổ đông thường niên 2024 dự kiến diễn ra ngày 26/4, trong đó có nội dung đáng chú ý liên quan đến phương án tăng vốn điều lệ từ nguồn lợi nhuận còn lại năm 2022. Trước đó, ĐHĐCĐ thường niên 2023 của ngân hàng đã thông qua kế hoạch chi trả cổ tức bằng cổ phiếu từ toàn bộ lợi nhuận sau thuế của năm 2022 (hơn 21.000 tỷ). Trong năm 2023, Vietcombank đã hoàn thành tăng vốn từ lợi nhuận 2020 và lợi nhuận còn lại năm 2019 với tỷ lệ 18,1%, đưa vốn điều lệ lên gần 56.000 tỷ đồng.
Với BIDV, báo cáo mới đây của Chứng khoán Vietcap cũng nhận định thương vụ bán vốn của nhà băng này sẽ là điểm sáng của ngành ngân hàng trong năm 2024. Trước đó, ĐHĐCĐ thường niên 2023 đã thông qua phương án phát hành hơn 1 tỷ cổ phiếu, bao gồm gần 642 triệu cổ phiếu để trả cổ tức năm 2021 và phần còn lại là phát hành thêm cổ phiếu theo hình thức chào bán ra công chúng hoặc chào bán riêng lẻ (455 triệu cổ phiếu). Hồi cuối năm 2023, BIDV đã phát hành gần 642 triệu cổ phiếu để trả cổ tức năm 2021.
Theo Vietcap, một trong những nguyên nhân khiến BIDV chưa thực hiện được việc bán vốn trong năm 2023 vừa qua là do điều kiện kinh tế chưa cho phép. Với kỳ vọng kinh tế phục hồi trong năm 2024, cộng thêm môi trường lãi suất thấp, nhóm phân tích kỳ vọng hoạt động huy động vốn từ phát hành cổ phiếu có thể thành công.
Trong báo cáo chiến lược 2024, SSI Research đánh giá những ngân hàng có khả năng tăng vốn sớm hơn sẽ có điều kiện tốt hơn để đẩy nhanh quá trình xử lý nợ xấu, giành thêm thị phần và đạt kết quả khả quan hơn so với các ngân hàng khác.
Đầu xuôi, đuôi có lọt?
Nhìn chung, dù có hay không có câu chuyện tăng vốn hỗ trợ, cổ phiếu nhóm ngân hàng vẫn có khởi đầu năm 2024 tương đối suôn sẻ. Tính từ đầu năm đến nay, gần như toàn bộ cổ phiếu ngân hàng (ngoại trừ SSB, EIB) đều tăng giá, phần lớn trên 2 chữ số. Thậm chí, một số cái tên như CTG, TCB, MBB, BID,… còn tăng rất mạnh trên 20% sau chưa đầy 2 tháng.
Đầu xuôi nhưng đuôi có lọt hay không vẫn còn là một dấu hỏi khi ngành ngân hàng được dự báo sẽ có nhiều cơ hội và thách thức đan xen trong năm 2024. Theo ước tính của SSI Research, lợi nhuận trước thuế (LNTT) năm 2024 của các ngân hàng thuộc phạm vi nghiên cứu của bộ phận phân tích này dự kiến tăng trưởng 16,5% so với cùng kỳ năm trước. Con số này cao hơn so với mức 5,2% trong năm 2023.
Về chất lượng tài sản, SSI Research cho rằng tình hình chung của các ngân hàng sẽ có sự cải thiện so với năm 2023, phần lớn là nhờ vào chi phí vốn đã giảm về mức thấp hơn nhiều so với 2023 và lợi nhuận trước dự phòng (PPOP) có sự cải thiện giúp các ngân hàng có dư địa để tạo một bộ đệm dự phòng tốt hơn.
Tỷ lệ nợ xấu có thể sẽ tăng trở lại trong nửa đầu năm 2024 khi tăng trưởng tín dụng chậm lại và các yếu tố vĩ mô chưa có dấu hiệu cải thiện rõ rệt. Tuy nhiên, tỷ lệ nợ xấu cuối năm 2024 được dự báo sẽ giảm nhẹ so với năm 2023 (1,63% so với 1,68%), do cuối năm dự kiến các ngân hàng sẽ đẩy mạnh xóa nợ xấu và nền kinh tế phục hồi mạnh hơn.
Mặt khác, các khoản nợ có vấn đề (bao gồm các khoản nợ Nhóm 2, các khoản vay tái cơ cấu, trái phiếu doanh nghiệp quá hạn và các khoản vay cũ) vẫn tiếp tục cần được giám sát chặt chẽ. Bên cạnh đó, nếu dự thảo sửa đổi Thông tư 16 nới lỏng việc hạn chế đầu tư trái phiếu doanh nghiệp của ngân hàng được thông qua, không loại trừ khả năng một phần rủi ro tín dụng sẽ quay trở lại đối với các ngân hàng tích cực mua lại trái phiếu doanh nghiệp."
176,(28/02/2024 00:00),BID: Thông báo và Nghị quyết HĐQT về việc tổ chức họp ĐHĐCĐ thường niên 2024,https://cafef.vn/du-lieu/BID-1951615/bid-thong-bao-va-nghi-quyet-hdqt-ve-viec-to-chuc-hop-dhdcd-thuong-nien-2024.chn?utm_source=du-lieu,
177,(23/02/2024 20:19),BIDV sẽ sớm thực hiện bán vốn cho nhà đầu tư nước ngoài?,https://cafef.vn/bidv-se-som-thuc-hien-ban-von-cho-nha-dau-tu-nuoc-ngoai-18824022317182076.chn?utm_source=du-lieu,"Ảnh minh họa
Cổ phiếu BID của BIDV đang là tâm điểm của thị trường chứng khoán những phiên gần đây khi liên tục tăng mạnh và xác lập đỉnh mới. Trong phiên 23/2, dù thị trường chung giảm sâu nhưng BID vẫn tăng hơn 4,5% lên mức cao nhất lịch sử (giá đã điều chỉnh theo cổ tức) tại 52.000 đồng/cp, với vốn hóa đạt hơn 296.000 tỷ đồng – cao thứ hai toàn thị trường, chỉ sau Vietcombank.
Tính từ đầu năm tới nay, cổ phiếu này đã tăng gần 20% và là một trong những mã tăng mạnh nhất trong nhóm VN30.
Cổ phiếu BID tăng mạnh trong bối cảnh BIDV mới đây đã tổ chức Đại hội đồng cổ đông bất thường năm 2024 với việc thông qua việc điều chỉnh thời gian thực hiện chào bán thêm cổ phiếu tại Phương án tăng vốn điều lệ năm 2023. Theo đó, ĐHĐCĐ đã quyết định lùi thời gian thực hiện phương án tăng vốn sang năm 2024.
Trước đó, ĐHĐCĐ thường niên BIDV năm 2023 đã thông qua phương án phát hành hơn 1 tỷ cổ phiếu, bao gồm: gần 642 triệu cổ phiếu để trả cổ tức năm 2021 và phần còn lại là phát hành thêm cổ phiếu theo hình thức chào bán ra công chúng hoặc chào bán riêng lẻ (455 triệu cổ phiếu).
Hồi cuối năm 2023, BIDV đã phát hành gần 642 triệu cổ phiếu để trả cổ tức năm 2021.
Về phần 455 triệu cổ phiếu còn lại, BIDV chưa công bố chi tiết kế hoạch chào bán; song ngân hàng này từ lâu đã có kế hoạch phát hành riêng lẻ cho nhà đầu tư nước ngoài và đến nay chưa thực hiện thành công.
Tại Đại hội đồng cổ đông thường niên 2023, Chủ tịch Phan Đức Tú cho biết: ""Ban lãnh ngân hàng đã rất nỗ lực để thực hiện việc này, đã tiếp xúc tổng cộng 38 nhà đầu tư trong 3 năm qua nhưng do điều không thuận lợi là tình hình kinh tế các nước, sự thu hẹp của khẩu vị rủi ro của các nhà đầu tư đối với thị trường mới nổi, cùng với chính sách thắt chặt tiền tệ của các nước làm giảm sút việc mở rộng đầu tư vào Việt Nam"".
""Năm 2023, chúng tôi vẫn tiếp tục thực hiện nhiệm vụ này. Hiện nay, chúng tôi có một số nhà đầu tư tiềm năng nhưng không thể công bố được. Chúng tôi sẽ cố gắng thực hiện nhiệm vụ này trong năm 2023"", ông Tú nhấn mạnh tại ĐHĐCĐ thường niên năm 2023.
Trong báo cáo phân tích công bố mới đây, Chứng khoán Vietcap (VCSC) nhận định thương vụ bán vốn của BIDV sẽ là một trong những điểm sáng của ngành ngân hàng trong năm 2024. VCSC cho rằng nguyên nhân khiến ngân hàng này chưa thực hiện được việc bán vốn là do điều kiện kinh tế năm 2023 chưa cho phép. Với kỳ vọng kinh tế phục hồi trong năm 2024, cộng thêm môi trường lãi suất thấp, nhóm phân tích kỳ vọng hoạt động huy động vốn từ phát hành cổ phiếu có thể thành công."
178,(23/02/2024 13:46),"Cổ phiếu BID tăng kịch trần lập đỉnh mới, vốn hóa BIDV vượt mốc 300.000 tỷ đồng",https://cafef.vn/co-phieu-bid-tang-kich-tran-lap-dinh-moi-von-hoa-bidv-vuot-moc-300000-ty-dong-18824022313453911.chn?utm_source=du-lieu,"Thị trường chứng khoán trong phiên giao dịch cuối tuần đầy khởi sắc với sự dẫn dắt của nhóm cổ phiếu ngân hàng, đặc biệt là BIDV (mã BID). Cổ phiếu này bất ngờ tăng kịch trần, qua đó leo lên lập đỉnh mới 53.200 đồng/cp. So với thời điểm bắt đầu nổi sóng hồi đầu tháng 11/2023, thị giá BID đã tăng gần 50%.
Vốn hóa thị trường của BIDV cũng theo đó tăng thêm 100.000 tỷ chỉ sau chưa đầy 4 tháng, lập kỷ lục hơn 303.000 tỷ đồng (~13 tỷ USD). Con số củng cố vững chắc vị trí số 2 sàn chứng khoán về vốn hóa của BIDV. Đây cũng là lần thứ 2 trong lịch sử có một ngân hàng chạm ngưỡng này. Trước đó là Vietcombank – cái tên giá trị nhất sàn chứng khoán Việt Nam với vốn hóa nửa triệu tỷ đồng.
Cổ phiếu BID tăng mạnh mang lại niềm vui không nhỏ cho cổ đông, trong đó có Keb Hana Bank. Với 15% cổ phần đang nắm giữ tại BIDV, khoản đầu tư này của nhà băng Hàn Quốc hiện có giá trị thị trường lên đến 45.500 tỷ đồng (~2 tỷ USD). Ước tính, Keb Hana Bank đang ""tạm lãi"" hơn 1 tỷ USD sau hơn 4 năm làm cổ đông chiến lược tại BIDV chưa kể cổ tức tiền tươi đã ""bỏ túi"".
Từ sau khi Keb Hana Bank trở thành cổ đông chiến lược năm 2019, BIDV đã liên tục tăng trưởng mạnh. Năm 2023, ngân hàng lãi trước thuế hợp nhất 27.600 tỷ đồng, tăng 20,6% so với thực hiện năm 2022. Đây là lần đầu tiên lợi nhuận của nhà băng này vượt ngưỡng 1 tỷ USD. Với mức lợi nhuận này, BIDV là ngân hàng có lợi nhuận cao thứ hai trong nhóm Big 4, chỉ sau Vietcombank (hơn 41.000 tỷ đồng).
Đến cuối năm 2023, tổng tài sản BIDV đạt 2,3 triệu tỷ đồng; tiếp tục giữ vững vị thế là ngân hàng TMCP có quy mô tổng tài sản lớn nhất tại Việt Nam. Tiền gửi khách hàng đạt 1,7 triệu tỷ đồng, tăng 15,7%. Cho vay khách hàng đạt 1,78 triệu tỷ đồng, tăng trưởng 16,8% so với đầu kỳ. Tại thời điểm cuối năm, nợ xấu của BIDV ở mức 22.229 tỷ đồng, tỷ lệ nợ xấu tương ứng ở mức 1,25%.
Về kế hoạch kinh doanh năm 2024, BIDV cho biết dư nợ tín dụng điều hành theo giới hạn tín dụng Ngân hàng Nhà nước (NHNN) giao, dự kiến tăng 14%; Huy động vốn điều hành phù hợp với sử dụng vốn, đảm bảo an toàn thanh khoản, hiệu quả; Kiểm soát tỷ lệ nợ xấu theo Thông tư 11 ở mức ≤1,4%...
Trong báo cáo phân tích công bố hồi tháng 12/2023, Chứng khoán Phú Hưng (PHS) cho biết câu chuyện phát hành riêng lẻ vẫn đang được BIDV xúc tiến sang năm 2024. Ngân hàng đang có kế hoạch phát hành riêng lẻ 9% cho nhà đầu tư. Thời gian qua, BIDV nỗ lực thực hiện, đã tiếp xúc với 38 nhà đầu tư. Tuy nhiên, tình hình kinh tế trong nước không thuận lợi đã làm giảm nhu cầu. BIDV sẽ làm việc với NHNN, các đối tác để tìm kiếm nhà đầu tư phù hợp nhất."
179,(15/02/2024 00:00),BID: Chấm dứt Hợp đồng với ông Sung Ki Jung - Thành viên Ban điều hành từ 1.3.2024,https://cafef.vn/du-lieu/BID-1944716/bid-cham-dut-hop-dong-voi-ong-sung-ki-jung-thanh-vien-ban-dieu-hanh-tu-132024.chn?utm_source=du-lieu,
180,(05/02/2024 00:00),BID: Giải trình chênh lệch lợi nhuận sau thuế quý 4/2023 so với quý 4/2022,https://cafef.vn/du-lieu/BID-1941322/bid-giai-trinh-chenh-lech-loi-nhuan-sau-thue-quy-42023-so-voi-quy-42022.chn?utm_source=du-lieu,
181,(31/01/2024 00:00),BID: CBTT các nội dung liên quan đến nhân sự của BIDV,https://cafef.vn/du-lieu/BID-1940342/bid-cbtt-cac-noi-dung-lien-quan-den-nhan-su-cua-bidv.chn?utm_source=du-lieu,
182,(31/01/2024 00:00),BID: Bổ nhiệm ông Quách Hùng Hiệp làm thành viên HĐQT từ 30.1.2024,https://cafef.vn/du-lieu/BID-1940933/bid-bo-nhiem-ong-quach-hung-hiep-lam-thanh-vien-hdqt-tu-3012024.chn?utm_source=du-lieu,
183,(31/01/2024 00:00),BID: Nghị quyết và Biên bản họp ĐHĐCĐ bất thường năm 2024,https://cafef.vn/du-lieu/BID-1940939/bid-nghi-quyet-va-bien-ban-hop-dhdcd-bat-thuong-nam-2024.chn?utm_source=du-lieu,
184,(31/01/2024 00:00),BID: Bổ nhiệm ông Nguyễn Trung Kiên làm thành viên BKS từ 30.1.2024,https://cafef.vn/du-lieu/BID-1940941/bid-bo-nhiem-ong-nguyen-trung-kien-lam-thanh-vien-bks-tu-3012024.chn?utm_source=du-lieu,
185,(31/01/2024 00:00),BID: Bổ nhiệm bà Tạ Thị Hạnh làm thành viên BKS từ 30.1.2024,https://cafef.vn/du-lieu/BID-1940943/bid-bo-nhiem-ba-ta-thi-hanh-lam-thanh-vien-bks-tu-3012024.chn?utm_source=du-lieu,
186,(26/01/2024 00:00),BID: Báo cáo tình hình quản trị công ty năm 2023,https://cafef.vn/du-lieu/BID-1937356/bid-bao-cao-tinh-hinh-quan-tri-cong-ty-nam-2023.chn?utm_source=du-lieu,
187,(26/01/2024 00:00),BID: Tình hình thanh toán lãi và gốc trái phiếu năm 2023,https://cafef.vn/du-lieu/BID-1937394/bid-tinh-hinh-thanh-toan-lai-va-goc-trai-phieu-nam-2023.chn?utm_source=du-lieu,
188,(25/01/2024 00:00),"BID: HĐQT phê duyệt phương án, hợp đồng cho thuê một phần diện tích chưa sử dụng tại Chi nhánh Phú Thọ, Chi nhánh Sơn Tây",https://cafef.vn/du-lieu/BID-1936212/bid-hdqt-phe-duyet-phuong-an-hop-dong-cho-thue-mot-phan-dien-tich-chua-su-dung-tai-chi-nhanh-phu-tho-chi-nhanh-son-tay.chn?utm_source=du-lieu,
189,(22/01/2024 00:00),"BTN: TAND T.P Quy Nhơn đã thụ lý vụ án ""Tranh chấp hợp đồng tín dụng"" theo đơn khởi kiện của ngân hàng BIDV",https://cafef.vn/du-lieu/BID-1933841/btn-tand-tp-quy-nhon-da-thu-ly-vu-an-tranh-chap-hop-dong-tin-dung-theo-don-khoi-kien-cua-ngan-hang-bidv.chn?utm_source=du-lieu,
190,(17/01/2024 00:00),BID: Quyết định HĐQT phê duyệt hợp đồng mua bảo hiểm tài sản với BIC,https://cafef.vn/du-lieu/BID-1931734/bid-quyet-dinh-hdqt-phe-duyet-hop-dong-mua-bao-hiem-tai-san-voi-bic.chn?utm_source=du-lieu,
191,(17/01/2024 00:00),BID: Ông Quách Hùng Hiệp - Phó Tổng giám đốc đã bán 49.610 cp,https://cafef.vn/du-lieu/BID-1931750/bid-ong-quach-hung-hiep-pho-tong-giam-doc-da-ban-49610-cp.chn?utm_source=du-lieu,
192,(10/01/2024 00:01),"Ngân hàng Việt “bắt tay” các định chế tài chính hàng đầu Nhật Bản, Hàn Quốc, Singapore: Vietcombank, VietinBank, BIDV đều tăng trưởng mạnh mẽ, cổ đông chiến lược thắng lớn, thậm chí lãi gấp nhiều lần",https://cafef.vn/ngan-hang-viet-bat-tay-cac-dinh-che-tai-chinh-hang-dau-nhat-ban-han-quoc-singapore-vietcombank-vietinbank-bidv-deu-tang-truong-manh-me-co-dong-chien-luoc-thang-lon-tham-chi-lai-gap-nhieu-lan-188240109233530984.chn?utm_source=du-lieu,"4 tỷ USD là số tiền các định chế tài chính nước ngoài chi ra để mua cổ phần chiến lược của các ngân hàng Việt Nam. Con số “khổng lồ” nhưng chỉ gói gọn trong một vài thương vụ cho thấy sự chọn lọc khắt khe của dòng tiền ngoại.
Các thương vụ chủ yếu tập trung trên nhóm ngân hàng có vốn Nhà nước chi phối như Vietcombank, VietinBank, BIDV. Tuy nhiên, thương vụ có giá trị lớn nhất từ trước đến nay lại thuộc về một ngân hàng tư nhân là VPBank.
Những cú bắt tay lịch sử
Ngân hàng “nổ phát súng” đầu tiên là VietinBank (CTG) với thương vụ chào bán riêng lẻ 168,6 triệu cổ phiếu với giá 21.000 đồng/cp cho IFC và Quỹ đầu tư cấp vốn IFC, thành viên thuộc nhóm Ngân hàng Thế giới (WB) năm 2011. Giá trị tương ứng vào khoảng 3.540 tỷ đồng (~180 triệu USD).
Với thương vụ này, nhóm IFC nắm 10% cổ phần tại ngân hàng của VietinBank nhưng đến nay đã không còn là cổ đông lớn sau khi không tham gia đợt chào bán riêng lẻ năm 2013 và nhiều lần giảm sở hữu.
Cùng năm, Vietcombank (VCB) “bắt tay” Tập đoàn tài chính Mizuho (Nhật Bản). Theo hợp đồng ký kết giữa 2 bên, Mizuho sẽ đăng ký mua 347,6 triệu cổ phiếu phổ thông của Vietcombank với giá 34.000 đồng/cp. Giá trị khoản đầu tư tương ứng hơn 11.800 tỷ đồng (~567 triệu USD), lớn nhất trong hoạt động M&A tại Việt Nam thời điểm đó.
Sau thương vụ, Mizuho trở thành đối tác chiến lược đầu tiên của Vietcombank cùng với một ghế trong HĐQT của ngân hàng. Ngoài vốn, cổ đông Nhật Bản còn cung cấp cho Vietcombank các dịch vụ hỗ trợ kỹ thuật trên nhiều hoạt động, bao gồm việc cử các chuyên gia và cung cấp các dịch vụ đào tạo cho Vietcombank cũng như đem lại các cơ hội hợp tác bán chéo sản phẩm giữa các bên.
2 năm sau khi Mizuho lần đầu rót vốn vào Vietcombank, một “gã khổng lồ” khác trong ngành tài chính Nhật Bản là Mitsubishi UFJ cũng nối gót đầu tư vào VietinBank trong đợt chào bán riêng lẻ 644,4 triệu cổ phần với giá 24.000 đồng/cp năm 2013. Giá trị thương vụ tương ứng vào khoảng 15.500 tỷ đồng (~743 triệu USD).
Bên cạnh việc củng cố năng lực tài chính, VietinBank còn nhận được sự hỗ trợ của cổ đông đến từ Nhật Bản trong hoạt động điều hành, quản trị và quản lý rủi ro trong ngành ngân hàng. Mặt khác, thông qua hợp tác với VietinBank, Mitsubishi UFJ muốn mở rộng hơn nữa hoạt động cũng cấp dịch vụ tài chính tại Châu Á, đặc biệt tại Việt Nam.
Đến năm 2019, Vietcombank tiếp tục chào bán riêng lẻ hơn 111 triệu cổ phiếu với giá 55.800 đồng/cp cho hai nhà đầu tư là Quỹ đầu tư quốc gia của Singapore (GIC) và Mizuho, thu về khoảng 6.200 tỷ đồng (~270 triệu USD). Trong đó, GIC mua 94,4 triệu cổ phần (tỷ lệ 2,55%) trong khi Mizuho mua thêm 16,7 triệu cổ phần mới để duy trì tỷ lệ sở hữu 15% cổ phần.
Cùng năm, Keb Hana Bank (Hàn Quốc) cũng trở thành cổ đông chiến lược của BIDV (BID) sau khi mua hơn 603,3 triệu cổ phiếu trong đợt chào bán riêng lẻ với giá bán 33.640 đồng/cổ phiếu. Giá trị tương ứng vào khoảng 20.300 tỷ đồng (~882 triệu USD), phá kỷ lục về giá trị thương vụ đầu tư chiến lược M&A ngành ngân hàng Việt Nam.
Theo thoả thuận giữa 2 bên ký, Keb Hana Bank sẽ đồng hành cùng BIDV với vai trò là cổ đông chiến lược tối thiểu 5 năm. Ngoài vốn, BIDV còn nhận được hỗ trợ từ ngân hàng hàng đầu Hàn Quốc trong các lĩnh vực gồm quản trị chiến lược, nâng cao quản trị rủi ro, đa dạng hoá các tài sản sinh lời, phát triển ngân hàng số, ngân hàng bán lẻ, và nâng cao phát triển nguồn nhân lực...
Kỷ lục của BIDV sau đó bị xô đổ bởi thương vụ Sumimoto Mitsui Banking Corp (SMBC - Nhật Bản) mua 15% vốn VPBank (VPB) năm 2023. Theo thoả thuận, VPBank chào bán riêng lẻ hơn 1,19 tỷ cổ phiếu cho nhà băng đến từ Nhật Bản với giá 30.159 đồng/cổ phiếu, tương đương tổng giá trị hơn 35.900 tỷ đồng (~1,5 tỷ USD).
Thoả thuận này chính thức đưa SMBC trở thành cổ đông chiến lược của VPBank. Đây là một phần trong kế hoạch tăng vốn được VPBank thực hiện từ năm 2022 nhằm tăng cường năng lực tài chính dài hạn và giúp ngân hàng đạt được mục tiêu tăng trưởng chiến lược trong 5 năm tới. Sau thương vụ, VPBank trở thành ngân hàng có vốn chủ sở hữu lớn thứ 2 tại Việt Nam, chỉ sau Vietcombank.
Trước đó vào năm 2021, Công ty Tài chính Tiêu dùng SMBC (SMBCCF), một công ty con khác do Sumitomo Mitsui Financial Group (SMFG) sở hữu 100% vốn, đã mua lại 49% cổ phần của FE Credit từ VPBank. Giá trị thương vụ ước tính vào khoảng 1,4 tỷ USD tương ứng định giá FE Credit lên đến 2,8 tỷ USD.
Ngân hàng Việt liên tục tăng trưởng mạnh
Nhìn lại lịch sử, sau khi có cổ đông chiến lược là các định chế tài chính nước ngoài, các ngân hàng Việt Nam đã có sự thay đổi theo hướng tích cực. Điều này được thể hiện qua kết quả kinh doanh, cụ thể là lợi nhuận của Vietcombank, VietinBank và BIDV nhìn chung đều tăng trưởng mạnh dù một số thời điểm chững lại vì những lý do khách quan.
Từ sau khi Mizuho rót vốn đầu tư, lợi nhuận của Vietcombank đã tăng bền bỉ và chạm ngưỡng 1 tỷ USD vào năm 2019, trở thành ngân hàng đầu tiên của Việt Nam đạt được cột mốc này. Sau một năm 2020 chững lại do đại dịch Covid, lợi nhuận của nhà băng này đã nhanh chóng lấy lại đà tăng trưởng.
Năm 2023 vừa qua, Vietcombank ước lãi trước thuế hợp nhất đạt khoảng 41.200 tỷ đồng, tăng 10,3% so với cùng kỳ năm trước. Đây là mức lợi nhuận cao nhất mà nhà băng này đạt được kể từ khi thành lập và cũng là con số cao kỷ lục đối với một ngân hàng tại Việt Nam.
Tương tự, VietinBank cũng duy trì tăng trưởng qua từng năm, trừ năm 2018 do yếu tố khách quan. Theo đó, phương án tái cơ cấu lại hoạt động ngân hàng gắn với xử lý nợ xấu trong giai đoạn 2016 - 2020 đã được Ngân hàng Nhà nước phê duyệt ngày 27/11/2018. Tuy nhiên, do phương án tăng vốn thời điểm đó chưa được phê duyệt và việc thực hiện bước đầu đề án tái cơ cấu khiến VietinBank phải điều chỉnh giảm một loạt chỉ tiêu trong quý cuối năm.
Lợi nhuận của VietinBank sau đó đã nhanh chóng tăng trưởng trở lại từ năm 2019 và đạt kỷ lục gần 21.000 tỷ đồng năm 2022. Dù chưa công bố con số cụ thể nhưng đại diện ngân hàng cho biết lợi nhuận trước thuế riêng lẻ năm 2023 của VietinBank đã vượt mục tiêu kế hoạch (22.500 tỷ đồng) được ĐHĐCĐ giao phó trên cơ sở đảm bảo các chỉ tiêu an toàn hoạt động.
Trong khi đó, BIDV liên tục tăng trưởng mạnh trong giai đoạn 2020-2023 sau khi Keb Hana Bank trở thành cổ đông chiến lược. Năm 2023, ngân hàng ước lãi trước thuế hợp nhất 27.400 tỷ đồng, tăng 19% so với thực hiện năm 2022. Đây là lần đầu tiên lợi nhuận của nhà băng này vượt ngưỡng 1 tỷ USD. Với mức lợi nhuận này, BIDV là ngân hàng có lợi nhuận cao thứ hai trong nhóm Big 4, chỉ sau Vietcombank.
Cổ đông chiến lược nước ngoài thắng lớn
Ngân hàng Việt Nam tăng trưởng mạnh mẽ, cổ đông chiến lược nước ngoài cũng thắng lớn, thậm chí lãi gấp nhiều lần. Điển hình như trường hợp của Mizuho, số cổ phần của Vietcombank trong tay nhà băng đến từ Nhật Bản hiện có giá trị thị trường lên đến 73.600 tỷ đồng, gấp gần 6 lần số vốn đầu tư. Con số này chưa bao gồm cổ tức hàng nghìn tỷ đã “bỏ túi” suốt hơn một thập kỷ qua.
Tương tự, cổ đông chiến lược còn lại của Vietcombank là GIC cũng đang lãi lớn dù đến sau Mizuho nhiều năm. Số cổ phần trong tay cổ đông đến từ Singapore hiện có giá trị thị trường hơn 12.500 tỷ đồng, gấp 2,4 lần số vốn bỏ ra, chưa tính cổ tức. Cần lưu ý rằng, số tiền cổ tức GIC nhận được từ Vietcombank chắc chắn sẽ ít hơn Mizuho do tỷ lệ sở hữu thấp hơn và thời gian nắm giữ ngắn hơn.
Vietcombank hiện là cái tên giá trị nhất sàn chứng khoán Việt Nam với vốn hóa thị trường lên đến 490.700 tỷ đồng (~20,5 tỷ USD), bỏ xa phần còn lại. Nhà băng này cũng là cái tên đầu tiên chạm đến ngưỡng nửa triệu tỷ vốn hóa trong lịch sử hơn 23 của thị trường chứng khoán khi cổ phiếu VCB lên đỉnh hồi tháng 7 năm ngoái.
Xếp ngay sau Vietcombank là BIDV với giá trị vốn hóa đạt 262.500 tỷ đồng (~10,9 tỷ USD). Với 15% cổ phần đang nắm giữ tại BIDV, khoản đầu tư này của Keb Hana Bank hiện có giá trị thị trường lên đến gần 39.400 tỷ đồng (~1,6 tỷ USD). Ước tính, Keb Hana Bank đang ""tạm lãi"" khoảng 19.000 tỷ đồng sau hơn 4 năm làm cổ đông chiến lược tại BIDV, chưa tính cổ tức tiền tươi gần 1.500 tỷ đồng. Cổ phiếu BID hiện vẫn đang ở vùng giá cao nhất từ trước đến nay (đã điều chỉnh).
Chưa về lại đỉnh lịch sử nhưng cổ phiếu CTG của VietinBank cũng đang tăng mạnh thời gian gần đây. Cổ phiếu này đã tăng hơn 15% trong chưa đầy một tháng, qua đó đẩy giá trị vốn hóa lên trên 161.000 tỷ đồng (~6,7 tỷ USD). Với việc nắm giữ 19,7% vốn, khoản đầu tư của Mitsubishi UFJ vào VietinBank hiện có giá trị thị trường khoảng 31.700 tỷ đồng, gấp đôi số tiền bỏ ra. Con số này còn chưa kể đến cổ tức bằng tiền mà cổ đông từ Nhật Bản đã nhận trong suốt nhiều năm qua.
Nhìn chung, những thương vụ định chế tài chính nước ngoài mua cổ phần chiến lược của các ngân hàng Việt đều đem lại thành công nhất định cho cả 2 phía (trừ trường hợp của VPBank với SMBC chưa thể đánh giá do thời gian hợp tác chưa đủ dài). Các ngân hàng của Việt Nam nhận được hỗ trợ về nhiều mặt, không chỉ vốn trong khi cổ đông ngoại cũng lãi lớn với các khoản đầu tư, chưa kể cổ tức ""kếch xù""."
193,(10/01/2024 00:00),BID: Link công bố tài liệu họp ĐHĐCĐ bất thường năm 2024,https://cafef.vn/du-lieu/BID-1928234/bid-link-cong-bo-tai-lieu-hop-dhdcd-bat-thuong-nam-2024.chn?utm_source=du-lieu,
194,(10/01/2024 00:00),BID: Ông Quách Hùng Hiệp - Phó Tổng giám đốc đăng ký bán 49.610 cp,https://cafef.vn/du-lieu/BID-1928236/bid-ong-quach-hung-hiep-pho-tong-giam-doc-dang-ky-ban-49610-cp.chn?utm_source=du-lieu,
195,(09/01/2024 00:05),"Cổ phiếu BIDV lên đỉnh lịch sử, Keb Hana Bank lãi gấp đôi sau hơn 4 năm làm cổ đông chiến lược",https://cafef.vn/co-phieu-bidv-len-dinh-lich-su-keb-hana-bank-lai-gap-doi-sau-hon-4-nam-lam-co-dong-chien-luoc-188240108233519059.chn?utm_source=du-lieu,"Trong con sóng cổ phiếu ngân hàng thời gian gần đây, Ngân hàng TMCP Đầu tư và Phát triển Việt Nam (BIDV – mã BID) đang gây ấn tượng mạnh khi liên tục bứt phá, dẫn dắt thị trường. Phiên 8/1, BID tăng 4,27% lên mức 46.400 đồng/cp qua đó thiết lập đỉnh lịch sử mới (tính theo giá điều chỉnh).
Thực tế, cổ phiếu này đã nổi sóng từ đầu tháng 11 năm ngoái. Sau khoảng hơn 3 tháng, thị giá BID đã tăng gần 31%. Vốn hóa thị trường cũng theo đó tăng thêm 62.000 tỷ (~2,5 tỷ USD) lên mức 264.000 tỷ đồng (~11 tỷ USD). Con số này giúp BIDV củng cố vững chắc vị trí số 2 về vốn hóa trên sàn chứng khoán, chỉ kém Vietcombank và bỏ xa các tên tuổi phía sau như Vinhomes, PV Gas, Vingroup, Hòa Phát,…
Những kết quả tích cực của BID mang lại niềm vui không nhỏ cho cổ đông, trong đó phải nhắc tới Keb Hana Bank. Với 15% cổ phần đang nắm giữ tại BIDV, khoản đầu tư này của nhà băng đến từ Hàn Quốc hiện có giá trị thị trường lên đến gần 39.700 tỷ đồng (~1,6 tỷ USD).
Keb Hana Bank trở thành cổ đông chiến lược của BIDV từ cuối năm 2019 sau khi mua hơn 603,3 triệu cổ phiếu trong đợt chào bán riêng lẻ với giá bán 33.640 đồng/cổ phiếu. Giá trị tương ứng vào khoảng 20.300 tỷ đồng (~882 triệu USD), trở thành thương vụ đầu tư chiến lược M&A có giá trị cao nhất trong lịch sử ngành ngân hàng Việt Nam thời điểm đó. Kỷ lục này sau đó đã bị xô đổ bởi thương vụ SMBC mua 15% vốn VPBank với giá 1,5 tỷ USD năm 2023.
Ước tính, Keb Hana Bank đang ""tạm lãi"" khoảng 19.400 tỷ đồng sau hơn 4 năm làm cổ đông chiến lược tại BIDV. Nếu tính cả cổ tức bằng tiền tươi (gần 1.500 tỷ đồng) đã ""bỏ túi"", khoản đầu tư này của cổ đông đến từ Hàn Quốc đang lãi gấp đôi.
Theo thoả thuận giữa 2 bên ký cuối năm 2019, Keb Hana Bank sẽ đồng hành cùng BIDV với vai trò là cổ đông chiến lược tối thiểu 5 năm. Ngoài nguồn lực về vốn, BIDV còn nhận được hỗ trợ từ ngân hàng hàng đầu Hàn Quốc trong các lĩnh vực gồm quản trị chiến lược, nâng cao quản trị rủi ro, đa dạng hoá các tài sản sinh lời, phát triển ngân hàng số, ngân hàng bán lẻ, và nâng cao phát triển nguồn nhân lực...
Lợi nhuận lần đầu vượt 1 tỷ USD
Từ sau khi Keb Hana Bank trở thành cổ đông chiến lược, BIDV đã liên tục tăng trưởng mạnh trong giai đoạn 2020-2023. Năm 2023, ngân hàng ước lãi trước thuế hợp nhất 27.400 tỷ đồng, tăng 19% so với thực hiện năm 2022. Đây là lần đầu tiên lợi nhuận của nhà băng này vượt ngưỡng 1 tỷ USD. Với mức lợi nhuận này, BIDV là ngân hàng có lợi nhuận cao thứ hai trong nhóm Big 4, chỉ sau Vietcombank (hơn 41.000 tỷ đồng).
Đến cuối năm 2023, tổng tài sản BIDV đạt 2,26 triệu tỷ đồng; tiếp tục giữ vững vị thế là ngân hàng TMCP có quy mô tổng tài sản lớn nhất tại Việt Nam. Huy động vốn đạt 1,89 triệu tỷ đồng, tăng trưởng 16,5%. Dư nợ tín dụng đạt 1,75 triệu tỷ đồng, tăng trưởng 16,66%, đảm bảo giới hạn Ngân hàng Nhà nước giao. Tỷ lệ nợ xấu theo Thông tư 11/2021/TT-NHNN kiểm soát ở mức 1,1%. Tỷ lệ trang trải nợ xấu (dư quỹ DPRR tín dụng/dư nợ xấu) đạt 192%.
Về kế hoạch kinh doanh năm 2024, BIDV cho biết dư nợ tín dụng điều hành theo giới hạn tín dụng Ngân hàng Nhà nước (NHNN) giao, dự kiến tăng 14%; Huy động vốn điều hành phù hợp với sử dụng vốn, đảm bảo an toàn thanh khoản, hiệu quả; Kiểm soát tỷ lệ nợ xấu theo Thông tư 11 ở mức ≤1,4%...
Trong báo cáo phân tích công bố hồi tháng 12/2023, Chứng khoán Phú Hưng (PHS) cho biết câu chuyện phát hành riêng lẻ vẫn đang được BIDV xúc tiến sang năm 2024. Ngân hàng đang có kế hoạch phát hành riêng lẻ 9% cho nhà đầu tư. Thời gian qua, BIDV nỗ lực thực hiện, đã tiếp xúc với 38 nhà đầu tư. Tuy nhiên, tình hình kinh tế trong nước không thuận lợi đã làm giảm nhu cầu. BIDV sẽ làm việc với NHNN, các đối tác để tìm kiếm nhà đầu tư phù hợp nhất."
196,(08/01/2024 00:00),BID: Quyết định của TGĐ về việc thay đổi địa điểm trụ sở Chi nhánh Sa Pa,https://cafef.vn/du-lieu/BID-1927088/bid-quyet-dinh-cua-tgd-ve-viec-thay-doi-dia-diem-tru-so-chi-nhanh-sa-pa.chn?utm_source=du-lieu,
197,(08/01/2024 00:00),BID: Thông báo ngày ĐKCC để thực hiện quyền thanh toán lãi gốc và lãi trái phiếu,https://cafef.vn/du-lieu/BID-1927091/bid-thong-bao-ngay-dkcc-de-thuc-hien-quyen-thanh-toan-lai-goc-va-lai-trai-phieu.chn?utm_source=du-lieu,
198,(08/01/2024 00:00),BID: Thông báo ngày ĐKCC để thực hiện quyền thanh toán lãi gốc và lãi trái phiếu,https://cafef.vn/du-lieu/BID-1927093/bid-thong-bao-ngay-dkcc-de-thuc-hien-quyen-thanh-toan-lai-goc-va-lai-trai-phieu.chn?utm_source=du-lieu,
199,(06/01/2024 16:38),BIDV báo lãi trước thuế hơn 27.400 tỷ đồng trong năm 2023,https://cafef.vn/bidv-bao-lai-truoc-thue-hon-27400-ty-dong-trong-nam-2023-18824010616440736.chn?utm_source=du-lieu,"Cụ thể, cuối năm 2023, tổng tài sản ngân hàng đạt 2,26 triệu tỷ đồng; tiếp tục giữ vững vị thế là Ngân hàng thương mại cổ phần có quy mô tổng tài sản lớn nhất tại Việt Nam. Huy động vốn đạt 1,89 triệu tỷ đồng, tăng trưởng 16,5%. Dư nợ tín dụng đạt 1,75 triệu tỷ đồng, tăng trưởng 16,66%, đảm bảo giới hạn Ngân hàng Nhà nước giao. Tỷ lệ nợ xấu theo Thông tư 11/2021/TT-NHNN kiểm soát ở mức 1,1%.
BIDV cho biết ngân hàng đã trích lập dự phòng rủi ro đầy đủ theo quy định. Tỷ lệ trang trải nợ xấu (dư quỹ DPRR tín dụng/dư nợ xấu) đạt 192%.
Lợi nhuận trước thuế khối ngân hàng thương mại đạt 26.750 tỷ đồng. Lợi nhuận trước thuế Khối Công ty con đạt 1.290 tỷ đồng, Khối Liên doanh đạt 945 tỷ đồng. Lợi nhuận trước thuế hợp nhất đạt trên 27.400 tỷ đồng.
Với mức lợi nhuận này, BIDV là ngân hàng có lợi nhuận cao thứ hai trong nhóm Big 4, chỉ sau Vietcombank (hơn 41.000 tỷ đồng).
Về kế hoạch kinh doanh năm 2024, BIDV cho biết dư nợ tín dụng điều hành theo giới hạn tín dụng Ngân hàng Nhà nước giao, dự kiến tăng 14%; Huy động vốn điều hành phù hợp với sử dụng vốn, đảm bảo an toàn thanh khoản, hiệu quả; Kiểm soát tỷ lệ nợ xấu theo Thông tư 11 ở mức ≤1,4%..."
200,(05/01/2024 00:00),BID: Giấy chứng nhận đăng ký doanh nghiệp thay đổi lần thứ 28,https://cafef.vn/du-lieu/BID-1926178/bid-giay-chung-nhan-dang-ky-doanh-nghiep-thay-doi-lan-thu-28.chn?utm_source=du-lieu,
201,(04/01/2024 00:00),"BID: 11.1.2024, giao dịch 641.912.084 cp niêm yết bổ sung",https://cafef.vn/du-lieu/BID-1925363/bid-1112024-giao-dich-641912084-cp-niem-yet-bo-sung.chn?utm_source=du-lieu,
202,(02/01/2024 00:00),BID: Nghị quyết HĐQT phê duyệt nội dung hợp đồng đại lý với BIC,https://cafef.vn/du-lieu/BID-1924489/bid-nghi-quyet-hdqt-phe-duyet-noi-dung-hop-dong-dai-ly-voi-bic.chn?utm_source=du-lieu,
