Unnamed: 0,Thời gian,Tiêu đề,URL,content
0,(11/11/2025 00:00),CTG: Nghị quyết HĐQT về việc phê duyệt cập nhật phương án tăng vốn điều lệ,https://cafef.vn/du-lieu/CTG-2337499/ctg-nghi-quyet-hdqt-ve-viec-phe-duyet-cap-nhat-phuong-an-tang-von-dieu-le.chn?utm_source=du-lieu,
1,(11/11/2025 00:00),CTG: HĐQT thông qua hợp đồng đại diện nhận TSBĐ và văn bản ủy quyền giữa Vietinbank và Vietinbank Lào,https://cafef.vn/du-lieu/CTG-2337629/ctg-hdqt-thong-qua-hop-dong-dai-dien-nhan-tsbd-va-van-ban-uy-quyen-giua-vietinbank-va-vietinbank-lao.chn?utm_source=du-lieu,
2,(06/11/2025 00:00),CTG: Nghị quyết HĐQT phê duyệt chủ trương thay đổi địa điểm trụ sở Chi nhánh Hồng Bàng,https://cafef.vn/du-lieu/CTG-2336083/ctg-nghi-quyet-hdqt-phe-duyet-chu-truong-thay-doi-dia-diem-tru-so-chi-nhanh-hong-bang.chn?utm_source=du-lieu,
3,(27/10/2025 00:00),CTG: Quyết định của TGĐ về việc thay đổi tên gọi Chi nhánh KCN Hải Dương và CN Quảng Nam,https://cafef.vn/du-lieu/CTG-2326844/ctg-quyet-dinh-cua-tgd-ve-viec-thay-doi-ten-goi-chi-nhanh-kcn-hai-duong-va-cn-quang-nam.chn?utm_source=du-lieu,
4,(27/10/2025 00:00),CTG: Anh rể bà Đặng Thị Việt Hà - Phó tổng giám đốc đã bán 20.200 cp,https://cafef.vn/du-lieu/CTG-2326852/ctg-anh-re-ba-dang-thi-viet-ha-pho-tong-giam-doc-da-ban-20200-cp.chn?utm_source=du-lieu,
5,(24/10/2025 07:32),"Những DN lớn nhất: Chỉ Vinamilk và ACV trả lương bình quân trên 30 triệu/tháng, cạnh tranh với Ngân hàng, công ty nào có thu nhập 70,5 triệu/tháng?",https://cafef.vn/nhung-dn-lon-nhat-chi-vinamilk-va-acv-tra-luong-binh-quan-tren-30-trieuthang-canh-tranh-voi-ngan-hang-cong-ty-nao-co-thu-nhap-705-trieuthang-188251024073257084.chn?utm_source=du-lieu,"Xét trong nhóm 50 doanh nghiệp niêm yết có vốn hóa lớn nhất thị trường chứng khoán Việt Nam, có gần 20 doanh nghiệp nêu cụ thể số liệu thu nhập bình quân mỗi nhân sự/tháng trong Báo cáo thường niên 2024. Dù không phải là bức tranh toàn cảnh của thị trường lao động Việt Nam mà ‘lắt cắt’ nhanh của nhóm ‘anh cả’, nhưng sự phân hóa cũng vẫn khá rõ nét.
Lĩnh vực Tài chính (gồm Ngân hàng - Chứng khoán) thiết lập một mặt bằng thu nhập mà phần còn lại của nền kinh tế khó lòng theo kịp. Trong ‘câu lạc bộ’ những doanh nghiệp có khả năng chi trả bình quân trên 30 triệu đồng/người/tháng là sự thống trị gần như tuyệt đối của nhóm tài chính. Giữa vòng vây đó, chỉ có hai DN thuộc khối phi tài chính là Vinamilk (31,0 triệu) và ACV - Tổng công ty Cảng hàng không (30,5 triệu).
Tuy nhiên, Vinamilk không cho biết mức thu nhập bình quân năm 2023.
Techcombank Securities gây ‘sốc’ với con số công bố mức thu nhập bình quân tại đây là 70,5 triệu đồng/người/tháng – tăng 8,5% so với năm 2023. 6 tháng đầu năm 2025, thu nhập bình quân ở đây vẫn gần 58 triệu đồng/người/tháng. Công ty này đánh giá, mức thu nhập của TCBS ở mức cạnh tranh không chỉ tại Việt Nam mà so với cả khu vực, thỏa đáng với năng lực làm việc.
SSI không nêu mức thu nhập bình quân, nhưng cho biết các khoản chi trả liên quan đến lương, thưởng, phúc lợi và bảo hiểm cho người lao động bình quân là 672 tỷ đồng/nhân sự, tương đương 55 triệu đồng/người/tháng.
Thu nhập bình quân của ngành chứng khoán bao gồm một phần khổng lồ là hoa hồng môi giới (từ hoạt động giao dịch cổ phiếu và trái phiếu) và thưởng hiệu suất. Đây là số liệu ""tổng chi trả"" của công ty cho nhân viên (chưa trừ thuế TNCN).
Trong thực tế, các môi giới thường phải dùng phần lớn khoản hoa hồng này để tái đầu tư, chăm sóc khách hàng và trả phí cho mạng lưới cộng tác viên bên ngoài. Do đó, con số thu nhập này là ""doanh thu"" của một nhân viên môi giới, chứ không phải ""lợi nhuận"" họ bỏ túi.
Cùng là CTCK nhưng VIX có thu nhập bình quân ở mức 24,4 triệu đồng/người/tháng (giảm 1,21%) và là doanh nghiệp duy nhất trong toàn bộ danh sách có thu nhập bình quân sụt giảm năm 2024. Trong 9 tháng đầu năm 2025, VIX là một trong những công ty có ""nhân viên kiếm tiền giỏi nhất"" thị trường. Với đội ngũ chỉ hơn 80 nhân sự, VIX tạo ra bình quân hơn 60 tỷ đồng lợi nhuận/người.
Sự ‘thống trị’ của nhóm Tài chính trong danh sách trên thể hiện ở ACB (38,1 triệu), Vietinbank (38,04 triệu), Vietcombank (38,0 triệu) và MB (37,4 triệu). Trong đó, Vietinbank báo cáo thu nhập bình quân tăng tới 10% so với năm 2023. Đây là một trong những ngân hàng có tăng trưởng lợi nhuận cao hàng đầu hệ thống trong năm 2024.
Nhìn xuống cuối bảng, nhóm bất động sản Vincom Retail (không tăng), Becamex Group (tăng 0,2%) và Vinhomes (tăng 1%). Ngược lại, Petrolimex (tăng 16,5%) và ACV (tăng 13,8%) là hai quán quân về mức tăng thu nhập. Điều này cho thấy khi các hoạt động giao thương, du lịch và sản xuất phục hồi sau đại dịch, nhóm ngành dịch vụ hạ tầng (cảng hàng không, xăng dầu) đã hưởng lợi trực tiếp và cải thiện rõ rệt ""hầu bao"" cho người lao động.
Con số thu nhập 28 triệu đồng/người/tháng tại Tập đoàn Công nghiệp Cao su Việt Nam (GVR) là mức thu nhập bình quân của các nhân sự tại Công ty Mẹ, tức khối văn phòng, ban lãnh đạo và quản lý cấp cao. Tập đoàn đã tạo việc làm ổn định cho hơn 81.000 lao động với mức thu nhập bình quân năm 2024 là 11,0 triệu đồng/người/tháng, trong đó lao động là người dân tộc thiểu số trên 17.300 người (chiếm tỷ lệ trên 21,3% tổng số lao động), lao động là người nước ngoài (Lào, Campuchia) trên 19.900 người (chiếm tỷ lệ trên 24,5% tổng số lao động).
Thu nhập bình quân không phải là ""thu nhập của đa số"". Con số này được tính bằng cách lấy tổng quỹ lương, thưởng của cả công ty (bao gồm lương thưởng hàng trăm triệu, hàng tỷ đồng của các lãnh đạo cấp cao) chia cho tổng số nhân sự (bao gồm cả nhân viên cấp thấp nhất). Do đó, nó sẽ cao hơn mức thu nhập thực tế mà đa số nhân viên nhận được, đặc biệt là ở các công ty có sự chênh lệch lương quá lớn giữa lãnh đạo và nhân viên.
Đối với những ngành có số lượng nhân viên ở các cấp bậc bán hàng, vận hành, dịch vụ rất lớn như bất động sản, điều này cũng làm cho con số bình quân bị kéo xuống.
Theo Tổng cục Thống kê, thu nhập bình quân của người lao động cả nước năm 2024 chỉ là 7,7 triệu đồng/tháng."
6,(17/10/2025 00:00),CTG: Nghị quyết HĐQT phê duyệt chủ trương thay đổi tên CN KCN Hải Dương và CN Quảng Nam,https://cafef.vn/du-lieu/CTG-2319720/ctg-nghi-quyet-hdqt-phe-duyet-chu-truong-thay-doi-ten-cn-kcn-hai-duong-va-cn-quang-nam.chn?utm_source=du-lieu,
7,(17/10/2025 00:00),CTG: Nghị quyết HĐQT phê duyệt phương án tăng vốn điều lệ thông qua phát hành cổ phiếu để trả cổ tức,https://cafef.vn/du-lieu/CTG-2320575/ctg-nghi-quyet-hdqt-phe-duyet-phuong-an-tang-von-dieu-le-thong-qua-phat-hanh-co-phieu-de-tra-co-tuc.chn?utm_source=du-lieu,
8,(09/10/2025 00:00),CTG: HĐQT thông qua hợp đồng bảo hiểm Lòng trung thành (BBB lớp dưới) với VBI,https://cafef.vn/du-lieu/CTG-2313576/ctg-hdqt-thong-qua-hop-dong-bao-hiem-long-trung-thanh-bbb-lop-duoi-voi-vbi.chn?utm_source=du-lieu,
9,(08/10/2025 00:00),CTG: Báo cáo phát triển bền vững 2024,https://cafef.vn/du-lieu/CTG-2312641/ctg-bao-cao-phat-trien-ben-vung-2024.chn?utm_source=du-lieu,
10,(08/10/2025 00:00),CTG: Đơn từ nhiệm của bà Phạm Thị Thơm - thành viên BKS,https://cafef.vn/du-lieu/CTG-2313515/ctg-don-tu-nhiem-cua-ba-pham-thi-thom-thanh-vien-bks.chn?utm_source=du-lieu,
11,(07/10/2025 07:52),"'Đế chế' của ông Phạm Nhật Vượng chỉ có 37,3% nhân sự nữ nhưng các nữ tướng chiếm 59%, ngân hàng là 'thánh địa' của giới nữ ngoại trừ Sacombank",https://cafef.vn/de-che-cua-ong-pham-nhat-vuong-chi-co-373-nhan-su-nu-nhung-cac-nu-tuong-chiem-59-ngan-hang-la-thanh-dia-cua-gioi-nu-ngoai-tru-sacombank-188251007075236181.chn?utm_source=du-lieu,"Theo Báo cáo thường niên 2024 của 21 doanh nghiệp có giá trị vốn hoá lớn nhất thị trường chứng khoán Việt Nam tại thời điểm 6/10/2025 (bỏ qua ACV và Viettel Global do không công bố cơ cấu lao động), trên tổng quy mô hơn 576.000 nhân sự, cán cân giới tính vẫn nghiêng về phía nam giới khi có 11/21 doanh nghiệp có tỷ lệ nhân sự nam ‘áp đảo’ so với nhân sự nữ, đặc biệt trong các lĩnh vực công nghiệp nặng và công nghệ.
Điển hình như Tập đoàn Hòa Phát (HPG) chỉ có chưa đầy 12% nhân sự là nữ giới, PV GAS (GAS) có 21% hay Vinamilk cũng chỉ có 24,8% nhân sự là nữ... do đặc thù công việc có yêu cầu về sức khỏe thể chất, điều kiện làm việc khắc nghiệt, môi trường làm việc ngoài trời…
Trong khi đó, khối ngân hàng là nơi có đông nhân sự nữ nhất, với tỷ lệ trên dưới 60%. Ngân hàng duy nhất có tỷ lệ nữ dưới 50% là Sacombank (STB) với 48,28%.
Tuy nhiên, khi đi sâu vào cơ cấu lãnh đạo, một ""nghịch lý"" thú vị đã xuất hiện, đặc biệt tại những tập đoàn đa ngành lớn nhất.
Tại Vingroup (VIC), dù lao động nữ chỉ chiếm 37,3% tổng số nhân sự, nhưng lại có đến 59% các vị trí quản lý tại tập đoàn này do phụ nữ nắm giữ. Câu chuyện ""nữ quyền"" tại Vingroup không chỉ thể hiện qua các con số mà còn là một phần trong triết lý dùng người của nhà sáng lập. Các vị trí lãnh đạo cao cấp nhất quanh Chủ tịch Phạm Nhật Vượng, từ tài chính, kinh doanh đến pháp lý, phần lớn đều là các ""nữ tướng"".
Lý giải về điều này, ông Vượng từng chia sẻ trong một buổi nói chuyện trước đây rằng phụ nữ có những thế mạnh đặc biệt ở vai trò quản trị. Ông cho rằng: ""Ở các cương vị như các cấp phó hay các nhà quản trị thì rõ ràng nữ tốt hơn... Ví dụ tài chính kế toán, pháp lý kinh doanh, là thế mạnh của phụ nữ. Cho nên đương nhiên những vị trí đó bao giờ chúng tôi cũng bổ nhiệm phụ nữ.""
Triết lý này đã biến Vingroup thành một ví dụ điển hình cho việc trao quyền cho các lãnh đạo nữ, bất kể tỷ lệ của họ trong tổng thể lực lượng lao động.
Nhưng điều này không diễn ra tại Vinhomes - công ty con phụ trách mảng bất động sản của Vingroup. Vinhomes có 34,2% lao động là nữ, và cũng chỉ có tỷ lệ nữ quản lý là 28,7%.
Ngược lại với Vingroup, tại Masan Group (MSN), dù tỷ lệ nhân sự nữ tới 62,4% nhưng tỷ lệ nữ quản lý chỉ chiếm 43%. Trong khi đó, tại Masan Consumer chứng kiến ‘nữ quyền’ lớn hơn khi tỷ lệ nhân sự nữ chỉ 35,3% nhưng nữ quản lý chiếm gần 43% số cán bộ quản lý.
Về phía các ngân hàng, Sacombank không chỉ có tỷ lệ nữ nhân sự thấp hơn hẳn các ngân hàng khác (dưới 50%) mà tỷ lệ nữ quản lý tại ngân hàng này cũng thấp nhất: 24,1% - con số này còn thấp hơn tại các công ty như Vinamilk, Vinhomes.
Một số ngân hàng có tỷ lệ nữ nhân sự cao, nhưng nữ quản lý lại thấp dưới 50% là LPBank (32,8%), MB (45%) và HDBank (43%).  Điều này cho thấy mặc dù ngành tài chính - ngân hàng thu hút một lượng lớn nhân sự nữ, con đường tiến tới các vị trí lãnh đạo cao nhất của họ vẫn còn nhiều thách thức hơn so với các đồng nghiệp nam.
Nhìn rộng ra toàn thị trường, trong báo cáo ""Giới và thị trường lao động ở Việt Nam"" của Tổ chức Lao động Quốc tế (ILO) năm 2021 cho biết, Việt Nam có tỷ lệ phụ nữ tham gia lực lượng lao động rất cao so với thế giới (trên 70%).
Tuy nhiên, phụ nữ Việt Nam vẫn phải đối mặt với sự bất bình đẳng về cơ hội và gánh vác ""trách nhiệm kép"" khi phải dành thời gian cho công việc không lương tại nhà nhiều hơn nam giới gấp đôi. Điều này ảnh hưởng trực tiếp đến sự phát triển nghề nghiệp của họ. ILO nhấn mạnh rằng dù phụ nữ chiếm gần một nửa lực lượng lao động, họ chỉ đảm nhận khoảng 1/4 các vị trí lãnh đạo, quản lý chung trên toàn thị trường."
12,(03/10/2025 00:00),"CTG: 14.10.2025, ngày GDKHQ trả cổ tức năm 2024 bằng tiền (450 đ/cp)",https://cafef.vn/du-lieu/CTG-2310658/ctg-14102025-ngay-gdkhq-tra-co-tuc-nam-2024-bang-tien-450-dcp.chn?utm_source=du-lieu,
13,(01/10/2025 10:10),VietinBank chốt ngày chi hơn 2.400 tỷ đồng trả cổ tức tiền mặt,https://cafef.vn/vietinbank-chot-ngay-chi-hon-2400-ty-dong-tra-co-tuc-tien-mat-188251001091021645.chn?utm_source=du-lieu,"Ngân hàng TMCP Công thương Việt Nam (VietinBank, mã: CTG) vừa công bố nghị quyết về việc chi trả cổ tức năm 2024 bằng tiền mặt.
Theo đó, VietinBank sẽ thanh toán cổ tức với tỷ lệ 4,5%, tương ứng 450 đồng/cổ phiếu. Với hơn 5,36 tỷ cổ phiếu đang lưu hành, VietinBank dự kiến chi ra 2.416,5 tỷ đồng cho đợt trả cổ tức này.
Ngày đăng ký cuối cùng để chốt quyền nhận cổ tức là 15/10/2025. Ngày chi trả 17/11/2025.
Hiện Ngân hàng Nhà nước là cổ đông lớn nhất nắm giữ hơn 3,46 tỷ cổ phiếu CTG, tương ứng sẽ nhận khoảng 1.557,8 tỷ đồng tiền cổ tức.
Cổ đông chiến lược MUFG Bank sở hữu hơn 1,05 tỷ cổ phiếu sẽ nhận gần 476,7 tỷ đồng. Công đoàn VietinBank với hơn 61,6 triệu cổ phiếu dự kiến nhận gần 27,7 tỷ đồng.
Công ty TNHH Bảo hiểm Nhân thọ Prudential Việt Nam với gần 57,6 triệu cổ phiếu sẽ nhận khoảng 25,9 tỷ đồng.
Ngoài trả cổ tức tiền mặt, VietinBank còn có kế hoạch phát hành tối đa gần 2,4 tỷ cổ phiếu để chia cổ tức cho cổ đông với tỷ lệ 44,64%.
Nguồn vốn thực hiện từ lợi nhuận còn lại năm 2021, 2022 và giai đoạn 2009-2016. Thời gian phát hành cụ thể sẽ được quyết định sau khi có chấp thuận từ cơ quan quản lý.
Nếu phương án được triển khai, vốn điều lệ của VietinBank sẽ tăng lên 77.671 tỷ đồng. Số vốn tăng thêm gần 24.000 tỷ đồng dự kiến được dùng để phục vụ hoạt động kinh doanh, đầu tư cơ sở vật chất, hạ tầng công nghệ, phát triển dịch vụ và mở rộng hoạt động tín dụng, đầu tư.
Đây sẽ là lần chia cổ tức bằng cổ phiếu với tỷ lệ cao nhất trong lịch sử ngân hàng này, vượt qua mức 29% năm 2021 và 11,74% năm 2023."
14,(30/09/2025 00:00),CTG: Nghị quyết HĐQT phê duyệt chủ trương thay đổi địa điểm đặt trụ sở Chi nhánh Bắc Thăng Long,https://cafef.vn/du-lieu/CTG-2307607/ctg-nghi-quyet-hdqt-phe-duyet-chu-truong-thay-doi-dia-diem-dat-tru-so-chi-nhanh-bac-thang-long.chn?utm_source=du-lieu,
15,(30/09/2025 00:00),CTG: Nghị quyết HĐQT phê duyệt chi trả cổ tức năm 2024 bằng tiền,https://cafef.vn/du-lieu/CTG-2307609/ctg-nghi-quyet-hdqt-phe-duyet-chi-tra-co-tuc-nam-2024-bang-tien.chn?utm_source=du-lieu,
16,(26/09/2025 00:00),CTG: Nghị quyết HĐQT số 376 ngày 26/09/2025,https://cafef.vn/du-lieu/CTG-2306480/ctg-nghi-quyet-hdqt-so-376-ngay-26092025.chn?utm_source=du-lieu,
17,(17/09/2025 16:05),CTG: Báo cáo kết quả giao dịch cổ phiếu của người liên quan của Người nội bộ Đỗ Thị Thanh Thúy,https://cafef.vn/du-lieu/CTG-2298203/ctg-bao-cao-ket-qua-giao-dich-co-phieu-cua-nguoi-lien-quan-cua-nguoi-noi-bo-do-thi-thanh-thuy.chn?utm_source=du-lieu,
18,(17/09/2025 15:58),CTG: Thông báo giao dịch cổ phiếu của người có liên quan đến người nội bộ Mai Xuân Hiền,https://cafef.vn/du-lieu/CTG-2298192/ctg-thong-bao-giao-dich-co-phieu-cua-nguoi-co-lien-quan-den-nguoi-noi-bo-mai-xuan-hien.chn?utm_source=du-lieu,
19,(05/09/2025 00:00),CTG: Nghị quyết HĐQT thông qua văn bản sửa đổi bổ sung Hợp đồng đại lý bảo hiểm với VBI,https://cafef.vn/du-lieu/CTG-2291446/ctg-nghi-quyet-hdqt-thong-qua-van-ban-sua-doi-bo-sung-hop-dong-dai-ly-bao-hiem-voi-vbi.chn?utm_source=du-lieu,
20,(03/09/2025 13:29),VietinBank lên kế hoạch lợi nhuận trước thuế 32.500 tỷ đồng,https://cafef.vn/vietinbank-len-ke-hoach-loi-nhuan-truoc-thue-32500-ty-dong-188250903132927359.chn?utm_source=du-lieu,"Ngân hàng TMCP Công thương Việt Nam (VietinBank, mã chứng khoán: CTG) vừa công bố Nghị quyết HĐQT phê duyệt và công bố các chỉ tiêu kế hoạch kinh doanh năm 2025.
Theo nghị quyết ngày 3/9/2025, VietinBank đặt mục tiêu tăng trưởng tổng tài sản từ 8% đến 10% trong năm nay. Đồng thời, lợi nhuận riêng lẻ trước thuế ngân hàng mẹ năm 2025 đạt khoảng 32.500 tỷ đồng.
Ngân hàng dự kiến tiếp tục mở rộng dư nợ tín dụng theo hạn mức tăng trưởng được Ngân hàng Nhà nước phê duyệt. Nguồn vốn huy động tăng trưởng phù hợp với tốc độ tín dụng, nhằm đảm bảo các tỷ lệ an toàn theo quy định. Tỷ lệ nợ xấu/dư nợ tín dụng theo Thông tư 31 được kiểm soát dưới 1,8%.
Trong quý II/2025, VietinBank ghi nhận lợi nhuận trước thuế hợp nhất 12.097 tỷ đồng, tăng gần 80% so với cùng kỳ, cao nhất trên thị trường chứng khoán. Lũy kế 6 tháng, nhà băng đạt 18.900 tỷ đồng lợi nhuận trước thuế, tăng 46% so với cùng kỳ năm ngoái, xếp thứ hai toàn ngành sau Vietcombank (gần 21.900 tỷ đồng).
So với các ngân hàng còn lại trong nhóm Big4, kết quả của VietinBank cao hơn BIDV (khoảng 10.000 tỷ đồng quý II) và Agribank, cũng như một số ngân hàng tư nhân như Techcombank (7.899 tỷ đồng quý II).
Theo báo cáo Triển vọng các tháng cuối năm 2025 của Công ty Chứng khoán Vietcombank (VCBS), VietinBank được dự báo có mức tăng trưởng tín dụng tương đương trung bình ngành (16,9%) trong năm nay. Biên lãi ròng (NIM) được kỳ vọng cải thiện từ nửa sau năm, nhờ cả hoạt động huy động và cho vay.
VCBS cũng cho rằng, chất lượng tài sản của VietinBank đang được kiểm soát, với một số khách hàng tái cơ cấu hết thời gian thử thách được chuyển về nhóm nợ thấp hơn, qua đó có thể hoàn nhập trích lập trong quý II. Trên cơ sở này, VCBS dự phóng lợi nhuận trước thuế cả năm 2025 của VietinBank đạt khoảng 36.966 tỷ đồng, tăng 26% so với năm 2024 – cao hơn kế hoạch ngân hàng đặt ra."
21,(03/09/2025 00:00),"CTG: Nghị quyết HĐQT phê duyệt, công bố chính thức các chỉ tiêu kế hoạch KD năm 2025",https://cafef.vn/du-lieu/CTG-2289732/ctg-nghi-quyet-hdqt-phe-duyet-cong-bo-chinh-thuc-cac-chi-tieu-ke-hoach-kd-nam-2025.chn?utm_source=du-lieu,
22,(30/08/2025 13:30),"Những yếu tố giúp VietinBank trở thành ""ngôi sao"" sáng nhất quý II/2025",https://cafef.vn/nhung-yeu-to-giup-vietinbank-tro-thanh-ngoi-sao-sang-nhat-quy-ii2025-188250830131634412.chn?utm_source=du-lieu,
23,(27/08/2025 01:03),"Xoá bỏ độc quyền sản xuất vàng miếng, ngân hàng nào ""sáng cửa"" tham gia?",https://cafef.vn/xoa-bo-doc-quyen-san-xuat-vang-mieng-ngan-hang-nao-sang-cua-tham-gia-188250827010331959.chn?utm_source=du-lieu,"Chính phủ vừa ban hành Nghị định số 232/2025/NĐ-CP ngày 26/8/2025 sửa đổi bổ sung một số điều của Nghị định số 24/2012/NĐ-CP ngày 03/4/2012 của Chính phủ về quản lý hoạt động kinh doanh vàng. Đáng chú ý, Nghị định 232/2025/NĐ-CP là đã bãi bỏ khoản 3 Điều 4 của Nghị định 24/2012/NĐ-CP xóa bỏ cơ chế Nhà nước độc quyền sản xuất vàng miếng, xuất khẩu vàng nguyên liệu và nhập khẩu vàng nguyên liệu để sản xuất vàng miếng.
Theo đó, doanh nghiệp muốn được cấp phép sản xuất vàng miếng phải có vốn điều lệ tối thiểu 1.000 tỷ, ngân hàng là 50.000 tỷ đồng. Các đơn vị này phải trong danh sách đang được Ngân hàng Nhà nước cấp giấy phép kinh doanh mua, bán kim loại quý, không bị xử phạt hoặc đã khắc phục xong nếu vi phạm.
Chiếu theo quy mô vốn điều lệ hiện hành, chỉ một số doanh nghiệp “đầu ngành” có vốn điều lệ từ 1.000 tỷ đồng trở lên, có thể kể đến như PNJ, DOJI, SJC. Trong nhóm ngân hàng, những cái tên như Vietcombank, MB, VPBank, Techcombank, BIDV, VietinBank, Agribank và ACB là đáp ứng được điều kiện vốn điều lệ trên 50.000 tỷ đồng.
Thực tế, trong hệ sinh thái của một số ngân hàng hiện đã có công ty thành viên hoạt động trong lĩnh vực kinh doanh vàng, bạc, đá quý. Điển hình như Công ty TNHH MTV Vàng bạc đá quý – Ngân hàng TMCP Công thương Việt Nam (VietinBank Gold) được cấp Giấy chứng nhận ĐKKD từ tháng 11/2010 và đang được hạch toán trên BCTC là công ty con do VietinBank (mã CTG) nắm 100% vốn.
Tương tự, Sacombank (mã STB) cũng có một công ty con hoạt động trong lĩnh vực kinh doanh vàng, bạc, đá quý là Công ty TNHH MTV Vàng bạc đá quý Ngân hàng Sài Gòn Thương Tín (Sacombank-SBJ). Pháp nhân này được thành lập từ năm 2008 với vốn điều lệ 200 tỷ đồng do Sacombank nắm 100% vốn.
Trong khi đó, dù không trực tiếp ghi nhận trên báo cáo tài chính nhưng một số ngân hàng lại có mối quan hệ mật thiết với các công ty kinh doanh vàng, bạc, đá quý. Điển hình là trường hợp của TPBank (mã TPB) khi CTCP Tập đoàn Vàng bạc đá quý Doji đang là cổ đông lớn nắm hơn 5,9% cổ phần tại ngân hàng này. Ông Đỗ Minh Phú - Chủ tịch HĐQT TPBank cũng là Chủ tịch Hội đồng sáng lập Doji.
Một trường hợp khác là SeABank (mã SSB) và CTCP Vàng bạc đá quý ASEAN (AJC). AJC tiền thân là Công ty Kinh doanh Mỹ nghệ vàng bạc đá quý Agribank thành lập theo quyết định của Agribank là đơn vị hạch toán phụ thuộc Ngân hàng. Đến tháng 9/2008, doanh nghiệp này tiến hành đấu giá bán cổ phần lần đầu tiên và có 2 cổ đông chiến lược là SeABank và Tập đoàn Nam Cường và nhiều cổ đông phổ thông khác.
Sau khi Agribank đấu giá thành công thoái vốn hơn 12,6 triệu cổ phần AJC vào cuối năm 2017, AJC xuất hiện 3 cổ đông lớn mới, trong đó Công ty TNHH Thung lũng Vua đã nâng sở hữu lên 18,16% vốn điều lệ. Đáng chú ý, đây là một thành viên của Tập đoàn BRG của bà Nguyễn Thị Nga – Phó Chủ tịch thường trực SeABank.
Ngoài ra, ACB cũng là một trong những cái tên đáng chú ý với quy mô vốn điều lệ lớn và từng có kinh nghiệm vận hành sàn giao dịch vàng và kinh doanh vàng trong quá khứ.
Nhìn chung, với cục diện hiện nay, VietinBank có lẽ là ứng cử viên sáng giá nhất sẵn sàng nhập cuộc sân chơi sản xuất vàng miếng khi vừa đáp ứng điều kiện về vốn điều lệ, vừa có sẵn công ty thành viên hoạt động trong lĩnh vực kinh doanh vàng, bạc, đá quý."
24,(26/08/2025 00:00),CTG: Nghị quyết HĐQT phê duyệt thay đổi và sử dụng mẫu dấu của Vietinbank,https://cafef.vn/du-lieu/CTG-2283846/ctg-nghi-quyet-hdqt-phe-duyet-thay-doi-va-su-dung-mau-dau-cua-vietinbank.chn?utm_source=du-lieu,
25,(26/08/2025 00:00),CTG: HĐQT thông qua hợp đồng khung tiền gửi bằng VND với MUFG - CN. TpHCM,https://cafef.vn/du-lieu/CTG-2283848/ctg-hdqt-thong-qua-hop-dong-khung-tien-gui-bang-vnd-voi-mufg-cn-tphcm.chn?utm_source=du-lieu,
26,(26/08/2025 00:00),CTG: HĐQT thông qua hợp đồng hạn mức giao dịch gửi tiền trên TT liên NH và hợp đồng hạn mức giao dịch ngoại tệ với MUFG - CN. TpHCM,https://cafef.vn/du-lieu/CTG-2283855/ctg-hdqt-thong-qua-hop-dong-han-muc-giao-dich-gui-tien-tren-tt-lien-nh-va-hop-dong-han-muc-giao-dich-ngoai-te-voi-mufg-cn-tphcm.chn?utm_source=du-lieu,
27,(21/08/2025 00:00),CTG: HĐQT thông qua hợp đồng bảo hiểm tiền gửi với VBI,https://cafef.vn/du-lieu/CTG-2281317/ctg-hdqt-thong-qua-hop-dong-bao-hiem-tien-gui-voi-vbi.chn?utm_source=du-lieu,
28,(21/08/2025 00:00),CTG: Thông báo nhận được Quyết định của Chi cục thuế doanh nghiệp lớn về việc xử phạt vi phạm hành chính về thuế,https://cafef.vn/du-lieu/CTG-2281386/ctg-thong-bao-nhan-duoc-quyet-dinh-cua-chi-cuc-thue-doanh-nghiep-lon-ve-viec-xu-phat-vi-pham-hanh-chinh-ve-thue.chn?utm_source=du-lieu,
29,(20/08/2025 00:05),Lần đầu tiên trong lịch sử Việt Nam có 10 ngân hàng vốn hóa trên 100.000 tỷ,https://cafef.vn/lan-dau-tien-trong-lich-su-viet-nam-co-10-ngan-hang-von-hoa-tren-100000-ty-188250819225033748.chn?utm_source=du-lieu,"Thị trường chứng khoán Việt Nam đang trải qua một trong những giai đoạn tưng bừng nhất lịch sử khi liên tục tăng mạnh với thanh khoản bùng nổ. VN-Index tăng gần 390 điểm (+30%) từ đầu năm qua đó leo lên 1.654 điểm, mức giá đóng cửa cao nhất từ trước đến nay. Vốn hóa toàn thị trường cũng theo đó lập kỷ lục mới, xấp xỉ 9 triệu tỷ đồng.
Động lực thúc đẩy thị trường đi lên mạnh mẽ chủ yếu đến từ nhóm vốn hóa lớn. Tính đến hết phiên 19/8, toàn thị trường có 23 cổ phiếu vốn hóa trên 100.000 tỷ, con số kỷ lục trong lịch sử. Tổng vốn hóa của nhóm này lên đến gần 5 triệu tỷ đồng, chiếm quá nửa giá trị của toàn sàn chứng khoán Việt Nam.
Xét về mặt cơ cấu, trong danh sách 23 cổ phiếu vốn hóa trên 100.000 tỷ chỉ có 2 đại diện đến từ UPCoM là Viettel Global (VGI) và ACV trong khi HNX không có cái tên nào góp mặt. 21 cổ phiếu còn lại trên HoSE đều là những tên tuổi đầu ngành trong các lĩnh vực trọng yếu như ngân hàng, bất động sản, sản xuất công nghiệp, công nghệ, bán lẻ,…
Đáng chú ý, nhóm cổ phiếu ngân hàng vẫn áp đảo cả về số lượng và tỷ trọng trong câu lạc bộ 100.000 tỷ khi có đến 10 cái tên góp mặt,  gồm Vietcombank, BIDV, VietinBank, Techcombank, VPBank, MB, ACB, LPBank, HDBank và Sacombank. Các cổ phiếu ngân hàng, đặc biệt là nhóm tư nhân đã trỗi dậy mạnh mẽ với mức tăng hàng chục % trong thời gian ngắn.
Màu vàng là nhóm ngân hàng
Nhìn chung, nhóm ngân hàng đang có nhiều chủ đề hấp dẫn. Đầu tiên là câu chuyện liên quan đến room tín dụng. Trong Công điện số 128/CĐ-TTg ngày 6/8/2025, Thủ tướng Chính phủ yêu cầu Ngân hàng Nhà nước (NHNN) khẩn trương xây dựng có lộ trình và thí điểm việc gỡ bỏ biện pháp giao chỉ tiêu tăng trưởng tín dụng để thực hiện từ năm 2026.
Tiếp theo là chủ đề liên quan đến tỷ lệ dự trữ bắt buộc. Ngày 12/8, Thống đốc NHNN ban hành Thông tư 23 sửa đổi Thông tư 30, cho phép tổ chức tín dụng nhận chuyển giao bắt buộc ngân hàng được kiểm soát đặc biệt, được giảm 50% tỷ lệ dự trữ bắt buộc theo phương án chuyển giao bắt buộc đã được phê duyệt. Đồng thời, đơn vị tham gia quản trị, điều hành, hỗ trợ hoạt động tài chính cho ngân hàng được kiểm soát đặc biệt - cũng được hưởng cơ chế tương tự.
Trước đó, 4 nhà băng chính thức nhận chuyển giao bắt buộc 4 ngân hàng yếu kém. Trong đó, Vietcombank nhận CBBank, đổi tên thành ngân hàng số VCBNeo. HDBank nhận DongABank, chuyển thành ngân hàng số Vikki Bank. MB nhận chuyển giao Oceanbank, đổi thành ngân hàng số MBV. Còn GPBank chuyển giao về VPBank.
Một chủ đề đầu tư đang thu hút sự chú ý thời gian gần đây là xu hướng các ngân hàng IPO các công ty chứng khoán thành viên. Mới nhất, VPBankS đang có kế hoạch sẽ IPO ngay trong quý 4 năm nay. Trước đó, TCBS đã mở đăng ký mua cổ phiếu IPO từ 19/08 sau khi được cổ đông thông qua và dự kiến sẽ niêm yết trên sàn chứng khoán cuối năm nay.
Cuộc chơi mới trong lĩnh vực blockchain, tài sản số
Ngoài những chủ đề trên, nhóm ngân hàng còn đang được chú ý với cuộc chơi mới đầy tiềm năng trong lĩnh vực blockchain, tài sản số.
Trong đó, MB mới đây đã ký biên bản ghi nhớ hợp tác kỹ thuật với Dunamu, đơn vị vận hành nền tảng tiền điện tử Upbit của Hàn Quốc vào ngày 12/8/2025. Thỏa thuận này tập trung vào chia sẻ công nghệ, hạ tầng, kinh nghiệm để phát triển giải pháp tài sản số tại Việt Nam. Dunamu dự kiến sẽ hỗ trợ xây dựng sàn giao dịch tiền mã hóa trong nước, tư vấn khung pháp lý, cơ chế bảo vệ nhà đầu tư và các tiêu chuẩn quốc tế như FATF.
Techcombank cũng không đứng ngoài xu thế. Chủ tịch HĐQT TCB Hồ Hùng Anh từng khẳng định việc tham gia vào các lĩnh vực như blockchain và xây dựng sàn giao dịch tài sản số là xu thế tất yếu trong chiến lược chuyển đổi số của ngân hàng. Ông nhấn mạnh: ""Với các cơ hội mở ra và nếu luật pháp cho phép, TCB đương nhiên muốn tham gia và đóng góp vào việc phát triển, sở hữu các nền tảng công nghệ này"".
Trước đó, tại Diễn đàn quốc gia về doanh nghiệp công nghệ số Việt Nam hồi đầu năm, bà Nguyễn Thị Phương Thảo, Phó chủ tịch thường trực HDBank, cho biết đề xuất nhận và cam kết đầu tư cho nghiên cứu phát triển để làm chủ công nghệ blockchain. Bà cho biết đã xây dựng kế hoạch hành động cho mục tiêu này, với ba nhiệm vụ gồm: đầu tư mạnh vào blockchain; hợp tác với đối tác trong và ngoài nước để nâng cao năng lực, đẩy nhanh tốc độ chuyển đổi số; tạo động lực bằng cách kêu gọi nhân viên, đối tác cùng thực hiện sứ mệnh.
Nhìn chung, tài sản số đang là xu hướng đầu tư thịnh hành trên toàn cầu và Việt Nam cũng sẽ không ngoại lệ. Quốc hội đã chính thức thông qua Luật Công nghiệp Công nghệ số tại kỳ họp thứ 9 hồi giữa tháng 6 năm ngoái, đánh dấu lần đầu tiên khái niệm tài sản số, tài sản mã hóa được đưa vào luật. Trung tâm tài chính quốc tế đang được triển khai tại Đà Nẵng là một phần không thế thiếu trong quá trình xây dựng thị trường tài sản số."
30,(20/08/2025 00:00),CTG: HĐQT thông qua mẫu đề nghị mở tài khoản Nostro tại Vietinbank Lào,https://cafef.vn/du-lieu/CTG-2279901/ctg-hdqt-thong-qua-mau-de-nghi-mo-tai-khoan-nostro-tai-vietinbank-lao.chn?utm_source=du-lieu,
31,(19/08/2025 00:00),CTG: HĐQT thông qua hợp đồng bảo hiểm sức khỏe cao cấp VBI Premier Care với VBI,https://cafef.vn/du-lieu/CTG-2278204/ctg-hdqt-thong-qua-hop-dong-bao-hiem-suc-khoe-cao-cap-vbi-premier-care-voi-vbi.chn?utm_source=du-lieu,
32,(18/08/2025 00:00),CTG: Quyết định về việc thay đổi địa chỉ đặt trụ sở Chi nhánh Cao Bằng,https://cafef.vn/du-lieu/CTG-2277232/ctg-quyet-dinh-ve-viec-thay-doi-dia-chi-dat-tru-so-chi-nhanh-cao-bang.chn?utm_source=du-lieu,
33,(15/08/2025 00:00),CTG: Giải trình biến động lợi nhuận trên BCTC soát xét bán niên năm 2025 so với cùng kỳ năm trước,https://cafef.vn/du-lieu/CTG-2271592/ctg-giai-trinh-bien-dong-loi-nhuan-tren-bctc-soat-xet-ban-nien-nam-2025-so-voi-cung-ky-nam-truoc.chn?utm_source=du-lieu,
34,(14/08/2025 00:00),CTG: Quyết định về việc thay đổi tên chi nhánh KCN Bình Dương,https://cafef.vn/du-lieu/CTG-2271478/ctg-quyet-dinh-ve-viec-thay-doi-ten-chi-nhanh-kcn-binh-duong.chn?utm_source=du-lieu,
35,(13/08/2025 00:00),CTG: Nghị quyết HĐQT phê duyệt chủ trương thay đổi địa điểm đặt trụ sở Chi nhánh Cao Bằng,https://cafef.vn/du-lieu/CTG-2269678/ctg-nghi-quyet-hdqt-phe-duyet-chu-truong-thay-doi-dia-diem-dat-tru-so-chi-nhanh-cao-bang.chn?utm_source=du-lieu,
36,(12/08/2025 00:00),CTG: Thông báo thay đổi Giấy phép thành lập và hoạt động,https://cafef.vn/du-lieu/CTG-2269621/ctg-thong-bao-thay-doi-giay-phep-thanh-lap-va-hoat-dong.chn?utm_source=du-lieu,
37,(11/08/2025 00:00),CTG: Nghị quyết HĐQT phê duyệt chủ trương thay đổi tên gọi Chi nhánh KCN Bình Dương,https://cafef.vn/du-lieu/CTG-2269469/ctg-nghi-quyet-hdqt-phe-duyet-chu-truong-thay-doi-ten-goi-chi-nhanh-kcn-binh-duong.chn?utm_source=du-lieu,
38,(07/08/2025 00:00),"CTG: Nghị quyết HĐQT thông qua phương án phát hành, sử dụng và trả nợ vốn thu được từ các đợt phát hành trái phiếu ra công chúng",https://cafef.vn/du-lieu/CTG-2268469/ctg-nghi-quyet-hdqt-thong-qua-phuong-an-phat-hanh-su-dung-va-tra-no-von-thu-duoc-tu-cac-dot-phat-hanh-trai-phieu-ra-cong-chung.chn?utm_source=du-lieu,
39,(02/08/2025 09:13),"20 doanh nghiệp niêm yết lãi lớn nhất 6T2025: 60% là ngân hàng, 15% là bất động sản, chỉ có 1 DN sản xuất",https://cafef.vn/20-doanh-nghiep-niem-yet-lai-lon-nhat-6t2025-60-la-ngan-hang-15-la-bat-dong-san-chi-co-1-dn-san-xuat-188250802085619235.chn?utm_source=du-lieu,"Khép lại 6 tháng đầu năm 2025, bức tranh lợi nhuận của các doanh nghiệp niêm yết đã có những điểm sáng đáng chú ý.
Ngành ngân hàng tiếp tục khẳng định vị thế khi có nhiều cái tên lọt vào top đầu. Cụ thể, có tới 7 ngân hàng trong top 10 và 12 ngân hàng trong top 20.
Với mức lãi trước thuế đạt 21.894 tỷ đồng, tăng 5% so với cùng kỳ năm ngoái, Vietcombank tiếp tục dẫn đầu lợi nhuận khối ngân hàng và giữ vị trí quán quân trên bảng xếp hạng.
VietinBank tăng 46%, lợi nhuận trước thuế đạt 18.920 tỷ đồng. Chỉ tính riêng quý 2, lợi nhuận trước thuế của VietinBank tăng 79% đạt 12.097 tỷ đồng, vượt qua Vietcombank là ngân hàng lãi lớn nhất quý.
Ngân hàng có mức tăng tốt nhất trong 6 tháng đầu năm là SeABank với 81%.
Bên cạnh đó, những gương mặt quen thuộc khác trong khối ngân hàng vẫn xuất hiện trên bảng xếp hạng: BIDV, MBBank, Techcombank...
Đứng ở vị trí á quân của 6 tháng 2025 là doanh nghiệp của tỷ phú Phạm Nhật Vượng -  CTCP Trung tâm Hội chợ Triển lãm Việt Nam (VEFAC, VEF) với mức tăng trưởng vượt trội 8.341%. Nguyên nhân chủ yếu nhờ vào việc chuyển nhượng một phần Dự án Vinhomes Global Gate trong quý 1.
Cụ thể, vào ngày 12/3, ﻿VEFAC đã đã nhận được Quyết định của UBND Thành phố Hà Nội cho phép chuyển nhượng một phần Dự án Vinhomes Global Gate cho CTCP Thời đại mới T&T. Doanh thu từ chuyển nhượng một phần dự án Vinhomes Global Gate là 44.560 tỷ đồng.
Lợi nhuận trước thuế của VinHomes là 12,945 tỷ đồng, giảm 5% so với cùng kỳ 2024 nhưng vẫn xếp ở vị trí thứ 5 trên bảng xếp hạng.
Doanh nghiệp còn lại trong top 10 là Vingroup (VIC) với lợi nhuận trước thuế đạt 11.044 tỷ đồng, mức tăng trưởng 68%.
PV Gas ghi nhận lợi nhuận trước thuế trong 6 tháng đầu năm đạt 9.410 tỷ đồng, xếp thứ 13 trong bảng xếp hạng.
Vua thép Hòa Phát (HPG) đứng vị trí thứ 15 với lợi nhuận trước thuế được ghi nhận là 8.812 tỷ đồng, tăng 26%.
Ông trùm sân bay ACV đứng thứ 18 với lợi nhuận trước thuế là 7.078 tỷ đồng.
Vietnam Airlines (HVN) ghi nhận lãi trước thuế 6.683 tỷ đồng, tăng 19% so với cùng kỳ và đứng vị trí thứ 19. Theo sau đó là FPT ở vị trí thứ 20 với mức lãi trước thuế 6.166 tỷ đồng, tăng 19%."
40,(28/07/2025 00:00),CTG: Báo cáo tình hình quản trị công ty 06 tháng đầu năm 2025,https://cafef.vn/du-lieu/CTG-2270816/ctg-bao-cao-tinh-hinh-quan-tri-cong-ty-06-thang-dau-nam-2025.chn?utm_source=du-lieu,
41,(24/07/2025 00:00),CTG: CBTT ngày giao dịch đầu tiên trái phiếu niêm yết của Vietinbank tại HNX,https://cafef.vn/du-lieu/CTG-2255766/ctg-cbtt-ngay-giao-dich-dau-tien-trai-phieu-niem-yet-cua-vietinbank-tai-hnx.chn?utm_source=du-lieu,
42,(23/07/2025 00:00),"CTG: Báo cáo định kỳ tình hình thanh toán gốc, lãi trái phiếu doanh nghiệp phát hành ra công chúng 6 tháng đầu năm 2025",https://cafef.vn/du-lieu/CTG-2252446/ctg-bao-cao-dinh-ky-tinh-hinh-thanh-toan-goc-lai-trai-phieu-doanh-nghiep-phat-hanh-ra-cong-chung-6-thang-dau-nam-2025.chn?utm_source=du-lieu,
43,(21/07/2025 00:00),CTG: Báo cáo tiến độ sử dụng vốn thu được từ đợt chào bán trái phiếu ra công chúng,https://cafef.vn/du-lieu/CTG-2253181/ctg-bao-cao-tien-do-su-dung-von-thu-duoc-tu-dot-chao-ban-trai-phieu-ra-cong-chung.chn?utm_source=du-lieu,
44,(15/07/2025 00:00),CTG: CBTT các quyết định chấp thuận niêm yết trái phiếu Vietinbank tại HNX,https://cafef.vn/du-lieu/CTG-2246371/ctg-cbtt-cac-quyet-dinh-chap-thuan-niem-yet-trai-phieu-vietinbank-tai-hnx.chn?utm_source=du-lieu,
45,(02/07/2025 07:03),"Cuộc đua vốn hóa 25 năm: Một công ty thủy điện từng giữ ngôi vua trước khi những 'gã khổng lồ' FPT, Vinamilk, Vietcombank 'tràn' lên sàn",https://cafef.vn/cuoc-dua-von-hoa-25-nam-mot-cong-ty-thuy-dien-tung-giu-ngoi-vua-truoc-khi-nhung-ga-khong-lo-fpt-vinamilk-vietcombank-tran-len-san-188250702070405395.chn?utm_source=du-lieu,"Tháng 7 năm 2025 đánh dấu một phần tư thế kỷ kể từ khi thị trường chứng khoán Việt Nam chính thức đi vào hoạt động.
Cụ thể, ngày 28/7/2000 thị trường chứng khoán Việt Nam chính thức giao dịch với chỉ 2 cổ phiếu - SAM của CTCP Đầu tư và Phát triển  Sacom (giờ đổi tên thành CTCP SAM Holdings) và REE của CTCP Cơ điện lạnh. Cho đến hết năm 2000 thị trường chứng khoán Việt Nam cũng chỉ có thêm 3 cổ phiếu khác giao dịch.
Năm 2005, Sở Giao dịch chứng khoán Hà Nội (HNX) ra đời, tiếp đó UPCoM được triển khai, mở rộng kênh giao dịch cho doanh nghiệp ngoài sàn HoSE.
Trong giai đoạn từ năm 2001 đến đầu năm 2006 này, thị trường chứng khoán Việt Nam không nhiều biến chuyển, có thêm nhiều doanh nghiệp lớn bắt đầu giao dịch như CTCP Gemadept - GMD (tháng 4/2002), CTCP Thủy điện Vĩnh Sơn - Sông Hinh - VSH (tháng 7/2005), Tập đoàn KIDO - KDC (tháng 12/2005), Sacombank - STB (tháng 7/2006)...
Vĩnh Sơn Sông Hinh (VSH) vào năm 2005 chính là doanh nghiệp lớn nhất sàn chứng khoán với vốn hóa 16.000 tỷ. Doanh nghiệp thủy điện này lên sàn vào ngày 14/7/2005 với khối lượng cổ phiếu ""khổng lồ"" khi đó là 125 triệu đơn vị. Chốt phiên giao dịch cuối năm tại giá 48.500 đồng/cp (giá chưa điều chỉnh).
Đặc biệt là vào tháng 1/2006, cổ phiếu của Vinamilk - VNM lên sàn khiến giá trị vốn hóa của của HOSE tăng gấp đôi trong ngày, nhiều năm sau đó, Vinamilk vẫn luôn nằm trong nhóm có vốn hóa cao.
Bước ngoặt quan trọng đến với thị trường chứng khoán diễn ra vào ngày 7/11/2006 khi Việt Nam chính thức gia nhập tổ chức Tổ chức Thương mại Thế giới (WTO). Sau cột mốc này, thị trường chứng khoán Việt Nam bùng nổ doanh nghiệp lên sàn niêm yết vào tháng 11 và tháng 12/2006 như ACB, SSI, PVD (PV Drilling)...
Trong đó, ngày 13/12/2006, FPT lên sàn với giá đóng cửa phiên đầu tiên lên tới 400.000 đồng/cp, trong hơn nửa tháng giao dịch, tới cuối năm 2006, FPT đã trở thành doanh nghiệp lớn nhất sàn với vốn hóa 28.000 tỷ đồng. ﻿Tại ngày 30/6, FPT là doanh nghiệp có vốn hóa lớn thứ 9 toàn thị trường với 175.000 tỷ đồng.
Top TTCK 4
Vingroup lên sàn tháng 9/2007 và đã nhanh chóng trở thành một trong những doanh nghiệp có quy mô vốn hóa lớn nhất trên thị trường. Trong giai đoạn 6 năm liền, từ 2015-2022, Vinamilk và Vingroup đã thay nhau đứng vị trí số 1 về vốn hóa. Hiện nay, Vingroup đang là doanh nghiệp có vốn hóa lớn thứ 2 thị trường với hơn 365.000 tỷ đồng.
Năm 2009, thị trường chứng khoán Việt Nam đón nhận thêm loạt tổ chức tài chính lớn lên sàn như Vietcombank - VCB (tháng 6/2009), Tập đoàn Bảo Việt - BVH (tháng 6/2009), VietinBank - CTG (tháng 7/2009), Eximbank - EIB (tháng 10/2009)... Masan Group cũng lên sàn vào tháng 11/2009. Ngân hàng còn lại trong 3 trong số 4 Big 4 ngân hàng đã lên sàn là BIDV chính thức giao dịch vào tháng 1/2014 với mã cổ phiếu BID.
Các ngân hàng liên tục nắm giữ nhiều vị trí trong top 10 trong nhiều năm liền. Đặc biệt, Vietcombank đã nắm giữ vị trí top 1 vốn hóa kể từ năm 2021 đến bây giờ. Tại ngày 30/6/2025, giá trị vốn hóa của Vietcombank hơn 476.000 tỷ đồng.
Trong top 10 doanh nghiệp có vốn hóa lớn nhất thị trường tại ngày 30/6, ngoài top 2 của Vingroup, vị trí thứ 3 và thứ 10 thuộc về ﻿2 doanh nghiệp khác thuộc họ Vin là Vinhomes (315.000 tỷ) và Vinpearl (gần 170.000 tỷ).
Vị trí 4,5,6 lần lượt thuộc về 3 ngân hàng là BIDV (255.000 tỷ), Techcombank (243.000 tỷ), và VietinBank (225.000 tỷ). Sau đó là Viettel Global ở vị trí thứ 7 và ACV ở vị trí thứ 8.
Tính đến hiện nay, có hơn 50 doanh nghiệp có vốn hóa thị trường trên 1 tỷ USD.﻿ Một số cái tên nổi bật trong đó có thể kể đến như Masan Group vốn hóa hơn 108.000 tỷ đồng, Eximbank vốn hóa 42.000 tỷ đồng, SSI vốn hóa hơn 48.000 tỷ đồng, Gelex với vốn hóa hiện tại hơn 33.000 tỷ đồng...
Dự kiến từ quý3/2025 đến quý 1/2026, thị trường đón 'bom tấn' mới khi Công ty Cổ phần Chứng khoán Kỹ Thương (Techcom Securities - TCBS) chào bán 231 triệu cổ phiếu lần đầu ra công chúng (IPO), tương đương 11,1% vốn. Vốn điều lệ sẽ tăng từ 20.801 tỷ đồng lên 23.113 tỷ đồng.
25 năm – Thời điểm vươn mình là hành trình ghi dấu những bước ngoặt lịch sử của thị trường chứng khoán Việt Nam. Trong dòng chảy phát triển ấy, không thể không nhắc đến sự đồng hành và đóng góp quan trọng của các tổ chức, doanh nghiệp tiêu biểu như: Eximbank, Gelex, HDBank, Masan, Nhất Việt, Pinetree, SSI, TCBS và VNDIRECT…"
46,(30/06/2025 00:00),CTG: HĐQT thông qua hợp đồng bảo hiểm BBB & ECC với VBI,https://cafef.vn/du-lieu/CTG-2234649/ctg-hdqt-thong-qua-hop-dong-bao-hiem-bbb--ecc-voi-vbi.chn?utm_source=du-lieu,
47,(27/06/2025 00:12),CTCK dự báo lợi nhuận loạt ngân hàng lớn,https://cafef.vn/ctck-du-bao-loi-nhuan-loat-ngan-hang-lon-188250626234831135.chn?utm_source=du-lieu,"Trong giai đoạn thị trường chứng khoán đi lên mạnh mẽ từ dưới 1.100 lên vùng đỉnh 3 năm gần 1.370 điểm, nhóm cổ phiếu ngân hàng dù không có sóng ngành nhưng vẫn đóng vai trò rất quan trọng. Các cổ phiếu ngân hàng luân phiên hút tiền, làm trụ đỡ giúp thị trường vững vàng trước các nhịp rung lắc. Thậm chí, một số cái tên như STB, TCB, MBB còn vượt đỉnh.
Mùa báo cáo tài chính quý 2 đang đến gần và nhóm ngân hàng chắc chắn vẫn sẽ là tâm điểm chú ý của giới đầu tư. Trong báo cáo mới đây, Chứng khoán NHSV đã đưa ra dự báo về lợi nhuận của một số ngân hàng lớn, với những con số có thể gây bất ngờ.
Với Sacombank , NHSV dự phóng lợi nhuận sau thuế (LNST) của ngân hàng trong quý 2 có thể đạt hơn 3.000 tỷ đồng, tăng mạnh 38% svck 2024 và tăng nhẹ 4% so với quý trước. LNST cả năm 2025 được dự báo đạt hơn 12.300 tỷ, tăng 22% so với năm 2024.
Trong đó, thu nhập lãi thuần cải thiện ~15% svck 2024 với dự báo tăng trưởng tín dụng đạt ~8% đến hết quý 2 và NIM giảm nhẹ ~5 đpt so với quý trước (do áp lực chi phí vốn gia tăng) nhưng vẫn cao hơn đáng kể svck 2024 (+10 đpt). Chi phí hoạt động dự báo sẽ chỉ tăng nhẹ 2% svck 2024 với CIR duy trì ở mức 50%. Chi phí dự phòng dự kiến trích lập khoảng 300 tỷ đồng, tăng mạnh so với quý trước nhưng thấp hơn đáng kể so với mức trích lập cao cùng kỳ năm trước.
Với MB , NHSV dự phóng LNST của ngân hàng sẽ tăng nhẹ 7% svck 2024 nhờ tín dụng tăng mạnh trong quý 2, đưa tăng trưởng tín dụng nửa đầu năm 2025 lên mức 10-12% (cao hơn so với mọi năm) nhưng NIM tiếp tục suy giảm nhẹ so với quý trước (giảm ~10 đpt so với quý trước) và thấp hơn đáng kể so với cùng kỳ 2024 (-40 đpt).
Chi phí hoạt động dự kiến tăng ~7% với CIR ở mức 30%. Chi phí dự phòng rủi ro tín dụng dự kiến trích lập trên 3.000 tỷ đồng trong quý 2, tăng mạnh svck 2024 và quý trước để bổ sung thêm bộ đệm dự phòng trong giai đoạn tốc độ xử lý nợ xấu được đẩy nhanh, nhằm kìm hãm bớt đà tăng nhanh của nợ xấu sau khi TT02 chính thức hết hiệu lực kể từ cuối năm trước.
Với VietinBank , NHSV dự phóng LNST của ngân hàng sẽ tăng trưởng 14% svck 2024 và 12% so với quý trước, nhờ tăng trưởng tín dụng cải thiện tốt hơn trong quý 2, đưa tăng trưởng tín dụng nửa đầu năm lên ~9%, cao hơn đáng kể so với cùng kỳ (6,6%). NIM bình quân trong quý 2 dự kiến đi ngang so với quý trước và vẫn đang duy trì ở mức thấp.
Mặt khác, chi phí hoạt động dự kiến tăng nhẹ so với cùng kỳ với CIR ở mức 25%. Chi phí dự phòng rủi ro tín dụng dự kiến trích lập trong quý 2 khoảng 8.000 tỷ đồng, tương đương so với quý trước trong bối cảnh nợ xấu được duy trì ổn định quanh mức 1,5%.
Với VPBank , NHSV dự phóng LNST của ngân hàng trong quý 2 sẽ tăng trưởng khoảng 16% svck và cũng tăng 7% so với quý trước nhờ tăng trưởng tín dụng dự kiến ở mức cao (11-12% trong nửa đầu năm). LNST cả năm 2025 của VPBank được dự báo đạt gần 16.700 tỷ đồng, nhích nhẹ 4% so với năm 2024.
NIM của ngân hàng được dự báo sẽ tiếp tục xu hướng điều chỉnh giảm, với mức giảm khoảng 20 đpt so với quý trước trong bối cảnh áp lực cạnh tranh lãi suất huy động trong ngành đang ngày một tăng cao. Chi phí hoạt động dự kiến tăng 15% so với mức thấp cùng kỳ. Chi phí dự phòng rủi ro tín dụng dự kiến trích lập bổ sung thêm 7.500 tỷ đồng trong quý 2 - mức trích lập khá cao so với mặt bằng nhiều quý trở lại đây, trong bối cảnh nợ xấu đang gia tăng mạnh trở lại, đặc biệt là nợ xấu trong lĩnh vực tài chính tiêu dùng."
48,(24/06/2025 00:00),CTG: Quyết định về việc thay đổi địa điểm đặt trụ sở Chi nhánh Thủ Đức,https://cafef.vn/du-lieu/CTG-2229609/ctg-quyet-dinh-ve-viec-thay-doi-dia-diem-dat-tru-so-chi-nhanh-thu-duc.chn?utm_source=du-lieu,
49,(20/06/2025 00:00),CTG: HĐQT thông qua hợp đồng hạn mức giao dịch tiền gửi trên thị trường liên ngân hàng với Vietinbank Lào,https://cafef.vn/du-lieu/CTG-2227995/ctg-hdqt-thong-qua-hop-dong-han-muc-giao-dich-tien-gui-tren-thi-truong-lien-ngan-hang-voi-vietinbank-lao.chn?utm_source=du-lieu,
50,(19/06/2025 11:08),"CTCK dự báo lợi nhuận quý 2 của 11 ngân hàng: Sacombank, VietinBank, MB, VPBank, BIDV có thể tăng trưởng 2 chữ số",https://cafef.vn/ctck-du-bao-loi-nhuan-quy-2-cua-11-ngan-hang-sacombank-vietinbank-mb-vpbank-bidv-co-the-tang-truong-2-chu-so-188250619105742072.chn?utm_source=du-lieu,"Vietcombank Securities (VCBS) vừa công bố báo cáo tổng hợp dự báo KQKD quý 2 và cả năm 2025 của 11 ngân hàng gồm ACB, VietinBank (CTG), HDBank (HDB), TPBank (TPB), MSB, Sacombank (STB), Techcombank (TCB), VIB, VPBank (VPB), BIDV (BID), MB (MBB).
Nhìn chung, VCBS dự báo lợi nhuận trước thuế (LNTT) của các ngân hàng trên đều sẽ tăng trưởng dương trong quý 2 cũng như cả năm 2025. Một số ngân hàng có khả năng tăng trưởng cao trên 10% theo VCBS là VietinBank, MB, BIDV, VPBank, HDBank, MSB và Sacombank.
Với VietinBank , VCBS dự báo LNTT quý 2 và cả năm 2025 có thể tăng trưởng 16% svck nhờ (1) Tăng trưởng tín dụng tương đương mức trung bình ngành đạt 16,9% trong 2025; (2) NIM bắt đầu đà phục hồi trong H2.2025 với động lực đến từ cả chiều huy động và cho vay; (3) Chất lượng tài sản được kiểm soát tốt, một số khách hàng tái cơ cấu hết thời gian thử thách được chuyển về nợ nhóm thấp hơn và sẽ được hoàn nhập trích lập trong Q2.2025.
Với HDBank , VCBS dự báo LNTT của ngân hàng có thể tăng 25% trong quý 2 và 24% trong cả năm 2025 nhờ (1) Tăng trưởng tín dụng cao hơn so với trung bình ngành đến từ mảng cho vay nông nghiệp - nông thôn, sự hồi phục của thị trường BĐS và nhận chuyển giao ngân hàng Đông Á; (2) Áp lực thu hẹp NIM trong năm 2025 được giảm bớt so với mặt bằng chung của ngành.
Với MSB , VCBS dự báo LNTT quý 2 và cả năm 2025 đều sẽ tăng trưởng 16% nhờ (1) Nhu cầu tín dụng ở mức tốt kỳ vọng đạt tốc độ tăng trưởng tín dụng 21,2% cho năm 2025, NIM bắt đầu ghi nhận sự cải thiện từ H2.2025; (2) Chất lượng tài sản cải thiện: tỷ lệ nợ xấu tiếp tục giảm xuống 2% nhờ tín dụng tăng trưởng mạnh mẽ và tăng thu hồi nợ đã xóa; (3) Hoàn thiện hệ sinh thái với các kế hoạch thoái vốn, góp vốn các công ty con: chuyển nhượng một phần hoặc toàn bộ số vốn góp tại TNEX Finance và góp vốn mua công ty chứng khoán, công ty quản lý quỹ.
Với Sacombank , VCBS dự báo LNTT quý 2 và cả năm 2025 có thể tăng trưởng 25% svck nhờ (1) Thu nhập lãi tích cực: Tín dụng kỳ vọng tăng trưởng 14%. NIM dự kiến duy trì mức 3,7% trong năm 2025; (2) Thu nhập ngoài lãi khả quan hơn nhờ thu nhập từ phí và thu hồi nợ xấu đã xóa; (3) Áp lực trích lập dự phòng ở mức thấp trong 2025. Kỳ vọng tiến độ xử lý tài sản tồn đọng sẽ được đẩy nhanh và hoàn thành trong 2025-2026.
Với MB , VCBS dự báo LNTT quý 2 và cả năm 2025 đều tăng trưởng 23% nhờ (1) Tín dụng tăng trưởng trong top cao nhất ngành đạt 27,8% trong 2025; (2) NIM kỳ vọng cải thiện trong H2.2025, thu nhập từ phí dịch vụ khả quan; (3) Chất lượng tài sản kỳ vọng cải thiện.
Với VPBank , LNTT quý 2 và cả năm 2025 được dự báo tăng trưởng lần lượt 12% và 25% nhờ (1) FE Credit tiếp tục duy trì đà tăng trưởng giúp hỗ trợ lợi nhuận hợp nhất của toàn ngân hàng; (2) Hoạt động kinh doanh của các công ty con kỳ vọng giữ mức tăng trưởng khả quan; (3) NIM hợp nhất kỳ vọng có sự cải thiện kể từ H2.2025.
Với BIDV , LNTT quý 2 và cả năm 2025 được dự báo tăng trưởng lần lượt 12% và 14% nhờ (1) Tăng trưởng tín dụng tương đương mức trung bình ngành dự báo đạt 16% và NIM đi ngang ở mức 2,4%; (2) Chất lượng tài sản trong nhóm tốt nhất ngành với áp lực dự phòng thấp; (3) Tăng vốn điều lệ thêm 21.656 tỷ đồng lên gần 91.870 tỷ đồng thông qua việc tăng vốn từ quỹ dự trữ bổ sung vốn điều lệ 7,1%, trả cổ tức tỷ lệ 19,9% và phát hành riêng lẻ tỷ lệ 3,84%."
51,(19/06/2025 00:00),CTG: HĐQT thông qua nội dung văn bản sửa đổi bổ sung Hợp đồng Đại lý bảo hiểm với VBI,https://cafef.vn/du-lieu/CTG-2225885/ctg-hdqt-thong-qua-noi-dung-van-ban-sua-doi-bo-sung-hop-dong-dai-ly-bao-hiem-voi-vbi.chn?utm_source=du-lieu,
52,(16/06/2025 00:00),CTG: HĐQT thông qua hợp đồng hạn mức giao dịch trên thị trường liên ngân hàng với Vietinbank Leasing,https://cafef.vn/du-lieu/CTG-2223135/ctg-hdqt-thong-qua-hop-dong-han-muc-giao-dich-tren-thi-truong-lien-ngan-hang-voi-vietinbank-leasing.chn?utm_source=du-lieu,
53,(12/06/2025 00:00),CTG: HĐQT thông qua hợp đồng hạn mức giao dịch trên thị trường liên ngân hàng với Indovina,https://cafef.vn/du-lieu/CTG-2219566/ctg-hdqt-thong-qua-hop-dong-han-muc-giao-dich-tren-thi-truong-lien-ngan-hang-voi-indovina.chn?utm_source=du-lieu,
54,(05/06/2025 00:01),Các tổ chức Công đoàn nắm giữ lượng cổ phiếu trị giá hàng nghìn tỷ trên sàn chứng khoán,https://cafef.vn/cac-to-chuc-cong-doan-nam-giu-luong-co-phieu-tri-gia-hang-nghin-ty-tren-san-chung-khoan-188250604220354877.chn?utm_source=du-lieu,"Tổng Liên đoàn lao động Việt Nam mới đây đã yêu cầu các đơn vị hoàn thành việc sắp xếp tổ chức trước ngày 15/6, sau quyết định kết thúc hoạt động tổ chức công đoàn trong cơ quan Nhà nước. Công đoàn doanh nghiệp, đơn vị sự nghiệp công lập không hưởng 100% lương từ ngân sách Nhà nước, trước mắt chưa thực hiện sắp xếp, giải thể.
Công đoàn tại doanh nghiệp là một tổ chức chính trị - xã hội đại diện cho quyền lợi và lợi ích hợp pháp của người lao động. Hiện nay, kinh phí hoạt động của Công đoàn được sử dụng khá linh hoạt, trong đó việc đầu tư vào mua cổ phần của chính doanh nghiệp là một lựa chọn phổ biến. Việc này vừa đảm bảo tiếng nói của người lao động, vừa là một hình thức đầu tư trong dài hạn.
Trên sàn chứng khoán, cổ phiếu của nhiều doanh nghiệp đang được nắm giữ bởi chính tổ chức Công đoàn cơ sở với quy mô lên đến hàng nghìn tỷ. Đáng chú ý nhất phải kể đến Công đoàn Rạng Đông (RAL) khi là cổ đông lớn nhất nắm giữ đến hơn 40% cổ phần của doanh nghiệp. Tạm tính theo thị giá RAL hiện tại, lượng cổ phần trong tay tổ chức này có giá trị lên đến gần nghìn tỷ.
Tổ chức Công đoàn đầu tư lớn nhất vào cổ phiếu trên sàn chứng khoán là VietinBank (CTG) khi nắm giữ đến hơn 61,6 triệu cổ phiếu CTG (tỷ lệ 1,15%), tương ứng quy mô đầu tư lên đến gần 2.400 tỷ đồng. Ngoài VietinBank, tổ chức Công đoàn ACB, BIDV, VPBank, MB,… cũng nắm giữ cổ phiếu của chính ngân hàng với quy mô hàng trăm tỷ đồng.
Bên cạnh nhóm ngân hàng, tổ chức Công đoàn của nhiều doanh nghiệp khác trên sàn chứng khoán như Novaland (NVL), Dược Hậu Giang (DHG), Bảo Việt (BVH), Chứng khoán MB (MBS), Nhựa Tiền Phong (NTP), Pinaco (PAC)… cũng đang đầu tư cổ phiếu. Trừ trường hợp đặc biệt của Rạng Đông, tổ chức Công đoàn tại các doanh nghiệp chủ yếu nắm giữ một lượng cổ phiếu không quá lớn, phổ biến ở mức trên dưới 1% vốn điều lệ của doanh nghiệp.
Về cơ bản, Công đoàn có thể chủ động mua cổ phiếu trên sàn của chính doanh nghiệp như một khoản đầu tư tài chính thông thường nhằm tối tưu hóa hiệu quả sử dụng kinh phí. Dù vậy, đa phần các tổ chức Công đoàn hiện nay đều gom cổ phiếu từ người lao động nghỉ việc hoặc có nhu cầu bán lại để chốt lời sau khi được mua ưu đãi.
Thực tế, để tri ân đóng góp của người lao động, các doanh nghiệp thường triển khai chương trình bán ưu đãi cổ phiếu công ty cho cán bộ, nhân viên (ESOP) với mức giá thấp hơn nhiều so với giá chào bán ra ngoài thị trường. Đương nhiên, nhu cầu chuyển nhượng cổ phiếu ESOP sau thời gian hạn chế giao dịch, là không hề nhỏ.
Về kinh phí hoạt động của Công đoàn, Nhà nước có quy định về nguồn đóng góp từ doanh nghiệp và người lao động. Trong đó, doanh nghiệp phải đóng kinh phí công đoàn bằng 2% quỹ lương, làm căn cứ đóng bảo hiểm xã hội cho người lao động và người lao động có nghĩa vụ đóng đoàn phí để hình thành nguồn tài chính hoạt động của công đoàn.
Ngoài ra, kinh phí công đoàn còn có thể đến từ các nguồn hỗ trợ khác hoặc tài trợ từ các tổ chức bên ngoài. Bên cạnh đó, Công đoàn cũng được nhận cổ tức từ khoản đầu tư vào cổ phiếu của doanh nghiệp như cổ đông thông thường. Với các doanh nghiệp có truyền thống chi trả cổ tức đều đặn, đây là một nguồn kinh phí ổn định giúp tổ chức Công đoàn duy trì hoạt động.
Hiện nay, một số doanh nghiệp lớn còn thành lập các tổ chức chuyên về hoạt động đầu tư tài chính cho Công đoàn nhằm đảm bảo nguồn kinh phí được sử dụng một cách hợp lý. Tuy nhiên, vẫn có những trường hợp cổ phiếu của chính doanh nghiệp bị Công đoàn từ chối. Khi cần thiết, Công đoàn cũng có thể bán cổ phiếu của doanh nghiệp đang nắm giữ để đảm bảo lợi ích."
55,(29/05/2025 00:00),"CTG: Bổ nhiệm ông Dương Văn Quân, bà Nguyễn Bảo Thanh Vân, bà Đặng Thị Việt Hà giữ chức Phó Tổng Giám đốc từ 28.5.2025",https://cafef.vn/du-lieu/CTG-2211302/ctg-bo-nhiem-ong-duong-van-quan-ba-nguyen-bao-thanh-van-ba-dang-thi-viet-ha-giu-chuc-pho-tong-giam-doc-tu-2852025.chn?utm_source=du-lieu,
56,(26/05/2025 00:00),CTG: Thông báo về việc thay đổi người đại diện phần vốn Nhà nước tại VietinBank,https://cafef.vn/du-lieu/CTG-2206765/ctg-thong-bao-ve-viec-thay-doi-nguoi-dai-dien-phan-von-nha-nuoc-tai-vietinbank.chn?utm_source=du-lieu,
57,(26/05/2025 00:00),CTG: Thông báo về việc ký hợp đồng kiểm toán BCTC năm 2025,https://cafef.vn/du-lieu/CTG-2207584/ctg-thong-bao-ve-viec-ky-hop-dong-kiem-toan-bctc-nam-2025.chn?utm_source=du-lieu,
58,(19/05/2025 00:01),"“MAG-7 chứng khoán Việt Nam”: 4 ngân hàng và 3 cổ phiếu “họ” Vingroup, tổng vốn hóa gần 1,9 triệu tỷ đồng",https://cafef.vn/mag7-chung-khoan-viet-nam-4-ngan-hang-va-3-co-phieu-ho-vingroup-tong-von-hoa-gan-19-trieu-ty-dong-188250518223626178.chn?utm_source=du-lieu,"Magnificent 7 (MAG-7) là cái tên giới đầu tư ưu ái đặt cho nhóm 7 tập đoàn công nghệ khổng lồ bao gồm Apple, Amazon, Alphabet (công ty mẹ Google), Meta (công ty mẹ Facebook), Microsoft, Nvidia và Tesla. Những cổ phiếu này không chỉ có tầm ảnh hưởng lớn đến thị trường chứng khoán Mỹ, mà còn tác động lên toàn cầu.
Tại Việt Nam, 7 công ty niêm yết lớn nhất hiện gồm hai nhóm chủ đạo là ngân hàng (Vietcombank, BIDV, VietinBank, Techcombank) và “họ” Vingroup (Vingroup, Vinhomes, Vinpearl), cũng có sức ảnh hưởng đáng kể lên thị trường chứng khoán.
Tổng giá trị vốn hóa của “MAG-7 chứng khoán Việt Nam” lên đến gần 1,9 triệu tỷ đồng (~74 tỷ USD), chiếm 1/3 toàn sàn HoSE. Với tỷ trọng lớn, biến động của các cổ phiếu này có ảnh hưởng đáng kể đến VN-Index.
Có thể thấy, “MAG-7 chứng khoán Việt Nam” chủ yếu là các cổ phiếu nhóm tài chính ngân hàng và bất động sản. Vingroup dù định hướng phát triển trở thành tập đoàn công nghiệp – công nghệ – dịch vụ (xa hơn có thể cả năng lượng) nhưng đóng góp lớn hiện vẫn đến từ lĩnh vực bất động sản.
Không chỉ trong nhóm vốn hóa lớn, đây còn là thực trạng chung của chứng khoán Việt Nam. 2 nhóm tài chính và bất động sản hiện chiếm tỷ trọng áp đảo, khoảng 60% vốn hóa toàn thị trường. Trong khi đó, các lĩnh vực “hot trend” như công nghệ, y tế và chăm sóc sức khoẻ, năng lượng và tiện ích… lại không có nhiều đại diện đủ tầm.
Điều này khác biệt hoàn toàn so với thị trường chứng khoán Mỹ nơi mà các lĩnh vực chiếm tỷ trọng cao chủ yếu là công nghệ, chăm sóc sức khoẻ, bán lẻ, hàng tiêu dùng, dịch vụ viễn thông,… Đây là các nhóm ngành có tiềm năng tăng trưởng dài hạn với nhiều câu chuyện hỗ trợ, phù hợp với xu hướng phát triển của thế giới.
Trong khu vực với các nền kinh tế có nhiều điểm tương đồng, chứng khoán Việt Nam vẫn có sự mất cân bằng lớn hơn khi tỷ trọng nhóm ngành tài chính, bất động sản khá vượt trội.
Thực trạng này được kỳ vọng sẽ sớm thay đổi khi thị khoán Việt Nam có thêm hàng hoá mới. Tại Investor Day hồi đầu năm, ông Lê Anh Tuấn – Giám đốc đầu tư Dragon Capital dự báo giai đoạn 2027-2028, thị trường chứng khoán được kỳ vọng đón làn sóng IPO quy mô 47 tỷ USD. Ngoài Vinpearl, nhiều tên tuổi đáng chú ý như TCBS, F88, THACO AUTO, Bách Hóa Xanh, Golden Gate và Highlands Coffee, VPS, Viettel IDC, Misa, VNPay, Long Châu,… cũng đang có kế hoạch.
Hơn nữa, kinh tế Việt Nam cũng đang trong giai đoạn mang tính bản lề để thay đổi cơ cấu, ưu tiên tập trung phát triển khoa học công nghệ (Nghị quyết 57), ưu tiên phát triển kinh tế tư nhân (Nghị quyết 68). Đây là một trong những động lực quan trọng giúp các doanh nghiệp phát triển lớn mạnh, vươn ra biển lớn qua đó góp phần đưa đất nước bước vào kỷ nguyên mới, kỷ nguyên vươn mình.
Theo Giám đốc VinaCapital, tầm nhìn cốt lõi của Nghị quyết 68 là xây dựng một khu vực kinh tế tư nhân phát triển nhanh, bền vững, chất lượng cao và có năng lực cạnh tranh toàn cầu – không chỉ giữ vai trò là động lực tăng trưởng kinh tế mà còn là lực lượng tiên phong trong khoa học, công nghệ và đổi mới sáng tạo. Mục tiêu dài hạn là giúp Việt Nam tránh bẫy thu nhập trung bình, từng bước hiện thực hóa khát vọng trở thành quốc gia phát triển, thu nhập cao vào năm 2045."
59,(16/05/2025 00:00),CTG: HĐQT thông qua Phụ lục Hợp đồng tư vấn chuyển nhượng vốn tại SGP với CTS,https://cafef.vn/du-lieu/CTG-2198998/ctg-hdqt-thong-qua-phu-luc-hop-dong-tu-van-chuyen-nhuong-von-tai-sgp-voi-cts.chn?utm_source=du-lieu,
60,(09/05/2025 00:00),CTG: Thông báo về ngày giao dịch đầu tiên trái phiếu niêm yết tại HNX,https://cafef.vn/du-lieu/CTG-2201299/ctg-thong-bao-ve-ngay-giao-dich-dau-tien-trai-phieu-niem-yet-tai-hnx.chn?utm_source=du-lieu,
61,(08/05/2025 00:00),CTG: Nghị quyết HĐQT phê duyệt phương án mua lại trước hạn trái phiếu thứ cấp năm 2025,https://cafef.vn/du-lieu/CTG-2200584/ctg-nghi-quyet-hdqt-phe-duyet-phuong-an-mua-lai-truoc-han-trai-phieu-thu-cap-nam-2025.chn?utm_source=du-lieu,
62,(07/05/2025 00:00),CTG: Quyết định về việc thay đổi địa điểm trụ sở Chi nhánh Bà Rịa - Vũng Tàu,https://cafef.vn/du-lieu/CTG-2197156/ctg-quyet-dinh-ve-viec-thay-doi-dia-diem-tru-so-chi-nhanh-ba-ria-vung-tau.chn?utm_source=du-lieu,
63,(06/05/2025 00:00),CTG: Quyết định của HĐQT về việc thay đổi địa điểm đặt trụ sở Chi nhánh Sa Đéc và Tây Tiền Giang,https://cafef.vn/du-lieu/CTG-2196535/ctg-quyet-dinh-cua-hdqt-ve-viec-thay-doi-dia-diem-dat-tru-so-chi-nhanh-sa-dec-va-tay-tien-giang.chn?utm_source=du-lieu,
64,(05/05/2025 00:00),CTG: Quyết định của NHNN Việt Nam về việc bổ sung nội dung hoạt động vào Giấy phép thành lập và hoạt động của CTG,https://cafef.vn/du-lieu/CTG-2196330/ctg-quyet-dinh-cua-nhnn-viet-nam-ve-viec-bo-sung-noi-dung-hoat-dong-vao-giay-phep-thanh-lap-va-hoat-dong-cua-ctg.chn?utm_source=du-lieu,
65,(28/04/2025 00:00),CTG: Nghị quyết HĐQT phê duyệt chủ trương thay đổi địa điểm trụ sở chi nhánh Sa Đéc và Chi nhánh Tây Tiền Giang,https://cafef.vn/du-lieu/CTG-2195437/ctg-nghi-quyet-hdqt-phe-duyet-chu-truong-thay-doi-dia-diem-tru-so-chi-nhanh-sa-dec-va-chi-nhanh-tay-tien-giang.chn?utm_source=du-lieu,
66,(25/04/2025 00:00),CTG: Thông báo nhận được các Quyết định của Sở Giao dịch Chứng khoán Hà Nội về việc chấp thuận niêm yết trái phiếu,https://cafef.vn/du-lieu/CTG-2191225/ctg-thong-bao-nhan-duoc-cac-quyet-dinh-cua-so-giao-dich-chung-khoan-ha-noi-ve-viec-chap-thuan-niem-yet-trai-phieu.chn?utm_source=du-lieu,
67,(24/04/2025 00:00),CTG: Nghị quyết HĐQT phê duyệt chủ trương thay đổi địa điểm trụ sở chi nhánh Bà Rịa - Vũng Tàu,https://cafef.vn/du-lieu/CTG-2190269/ctg-nghi-quyet-hdqt-phe-duyet-chu-truong-thay-doi-dia-diem-tru-so-chi-nhanh-ba-ria-vung-tau.chn?utm_source=du-lieu,
68,(22/04/2025 00:00),CTG: HĐQT thông qua hợp đồng đại diện nhận TSBĐ và văn bản ủy quyền giữa Vietinbank và Vietinbank Lào,https://cafef.vn/du-lieu/CTG-2180099/ctg-hdqt-thong-qua-hop-dong-dai-dien-nhan-tsbd-va-van-ban-uy-quyen-giua-vietinbank-va-vietinbank-lao.chn?utm_source=du-lieu,
69,(22/04/2025 00:00),CTG: Nghị quyết HĐQT phê duyệt phương án phát hành trái phiếu tăng vốn cấp 2 theo hình thức riêng lẻ năm 2025,https://cafef.vn/du-lieu/CTG-2185973/ctg-nghi-quyet-hdqt-phe-duyet-phuong-an-phat-hanh-trai-phieu-tang-von-cap-2-theo-hinh-thuc-rieng-le-nam-2025.chn?utm_source=du-lieu,
70,(21/04/2025 00:00),CTG: Biên bản họp và Nghị quyết ĐHĐCĐ thường niên năm 2025,https://cafef.vn/du-lieu/CTG-2180351/ctg-bien-ban-hop-va-nghi-quyet-dhdcd-thuong-nien-nam-2025.chn?utm_source=du-lieu,
71,(21/04/2025 00:00),CTG: Thông báo thay đổi nhân sự,https://cafef.vn/du-lieu/CTG-2184207/ctg-thong-bao-thay-doi-nhan-su.chn?utm_source=du-lieu,
72,(17/04/2025 00:00),"CTG: Cập nhật, bổ sung tài liệu họp ĐHĐCĐ thường niên năm 2025",https://cafef.vn/du-lieu/CTG-2182397/ctg-cap-nhat-bo-sung-tai-lieu-hop-dhdcd-thuong-nien-nam-2025.chn?utm_source=du-lieu,
73,(17/04/2025 00:00),CTG: Báo cáo kết quả chào bán trái phiếu ra công chúng đợt 2,https://cafef.vn/du-lieu/CTG-2182404/ctg-bao-cao-ket-qua-chao-ban-trai-phieu-ra-cong-chung-dot-2.chn?utm_source=du-lieu,
74,(01/04/2025 00:00),CTG: Đính chính thông tin trình bày trong thuyết minh BCTC năm 2024 đã kiểm toán,https://cafef.vn/du-lieu/CTG-2162461/ctg-dinh-chinh-thong-tin-trinh-bay-trong-thuyet-minh-bctc-nam-2024-da-kiem-toan.chn?utm_source=du-lieu,
75,(31/03/2025 00:00),CTG: Nghị quyết HĐQT về việc phê duyệt điều chỉnh thời gian họp ĐHĐCĐ thường niên 2025,https://cafef.vn/du-lieu/CTG-2162061/ctg-nghi-quyet-hdqt-ve-viec-phe-duyet-dieu-chinh-thoi-gian-hop-dhdcd-thuong-nien-2025.chn?utm_source=du-lieu,
76,(28/03/2025 00:00),CTG: HĐQT thông qua dự thảo nội dung hợp đồng đặt lệnh GDCK cho nhà đầu tư LK với CTS,https://cafef.vn/du-lieu/CTG-2160365/ctg-hdqt-thong-qua-du-thao-noi-dung-hop-dong-dat-lenh-gdck-cho-nha-dau-tu-lk-voi-cts.chn?utm_source=du-lieu,
77,(18/03/2025 00:00),CTG: Thông báo phát hành trái phiếu ra công chúng đợt 2,https://cafef.vn/du-lieu/CTG-2153134/ctg-thong-bao-phat-hanh-trai-phieu-ra-cong-chung-dot-2.chn?utm_source=du-lieu,
78,(12/03/2025 13:10),"""Ông lớn"" Big4 VietinBank muốn chia cổ tức bằng cổ phiếu với tỷ lệ 44,6%, cao nhất từ trước đến nay",https://cafef.vn/ong-lon-big4-vietinbank-muon-chia-co-tuc-bang-co-phieu-voi-ty-le-446-cao-nhat-tu-truoc-den-nay-188250312131030956.chn?utm_source=du-lieu,"Chia cổ tức bằng cổ phiếu tỷ lệ 44,64%
VietinBank dự kiến phát hành tối đa gần 2,4 tỷ cp (tỷ lệ 44,64%) để chia cổ tức cho cổ đông hiện hữu. Tổng giá trị phát hành theo mệnh giá dự kiến hơn 23.971 tỷ đồng.
Nguồn vốn thực hiện từ lợi nhuận còn lại năm 2021, 2022 và giai đoạn 2009-2016. Thời gian phát hành cụ thể sẽ được quyết định sau khi được sự chấp thuận của cơ quan có thẩm quyền.
Sau khi hoàn tất, vốn điều lệ của VietinBank sẽ tăng lên 77.671 tỷ đồng. Số vốn tăng thêm (gần 24.000 tỷ đồng) dự kiến được dùng toàn bộ để phục vụ kinh doanh, phân bổ vào các lĩnh vực hoạt động như đầu tư cơ sở vật chất, hạ tầng công nghệ, phát triển dịch vụ như đầu tư vào các dự án hiện đại hóa, nâng cao năng lực quản trị ngân hàng; nâng cấp cơ sở hạ tầng kỹ thuật, công nghệ, tăng cường phát triển các sản phẩm dịch vụ hiện đại, nâng cao tiện ích cho khách hàng; mở rộng hoạt động tín dụng, hoạt động đầu tư và các hoạt động kinh doanh khác của VietinBank.
Nếu kế hoạch trên được thông qua, đây sẽ là lần chia cổ tức bằng cổ phiếu với tỷ lệ cao nhất tại VietinBank. Trước đó, năm 2023, ngân hàng chia cổ tức bằng cổ phiếu tỷ lệ 11,74%. Năm 2021, ngân hàng chia cổ tức bằng cổ phiếu tỷ lệ 29%.
Phương án phân phối lợi nhuận năm 2024
Năm 2024, lợi nhuận riêng lẻ sau thuế của VietinBank đạt 24.259 tỷ đồng. Lợi nhuận còn lại sau trích các quỹ bắt buộc và quỹ khen thưởng, phúc lợi là 15.596 tỷ đồng. Ngân hàng đề xuất dành toàn bộ số tiền này để chai cổ tức bằng cổ phiếu, theo phê duyệt của cơ quan Nhà nước có thẩm quyền.
HĐQT trình ĐHĐCĐ chấp thuận ủy quyền cho HĐQT được quyết định và thực hiện phương án phân phối lợi nhuận năm 2024 chính thức trên cơ sở ý kiến phê duyệt của Cơ quan Nhà nước có thẩm quyền.
Kế hoạch kinh doanh năm 2025
VietinBank dự kiến tổng tài sản năm 2025 tăng trưởng từ 5%-10%. Nhà băng để ngỏ mục tiêu lợi nhuận, cho biết sẽ thực hiện theo phê duyệt của Cơ quan Nhà nước có thẩm quyền. Trong đó, ngân hàng sẽ tiếp tục cải thiện mạnh mẽ hiệu quả kinh doanh, thực hiện tốt vai trò chủ lực, trụ cột và chủ đạo của nền kinh tế. Bên cạnh đó, sẽ kiểm soát tỷ lệ nợ xấu dưới 1,8%, tuân thủ các quy định của NHNN về các tỷ lệ an toàn hoạt động."
79,(11/03/2025 00:00),CTG: Nghị quyết HĐQT phê duyệt chủ trương thay đổi địa điểm đặt trụ sở chi nhánh Thủ Đức,https://cafef.vn/du-lieu/CTG-2147838/ctg-nghi-quyet-hdqt-phe-duyet-chu-truong-thay-doi-dia-diem-dat-tru-so-chi-nhanh-thu-duc.chn?utm_source=du-lieu,
80,(11/03/2025 00:00),CTG: Tài liệu họp ĐHĐCĐ thường niên năm 2025,https://cafef.vn/du-lieu/CTG-2147839/ctg-tai-lieu-hop-dhdcd-thuong-nien-nam-2025.chn?utm_source=du-lieu,
81,(05/03/2025 00:00),CTG: Giải trình biến động lợi nhuận trên BCTC kiểm toán năm 2024,https://cafef.vn/du-lieu/CTG-2143582/ctg-giai-trinh-bien-dong-loi-nhuan-tren-bctc-kiem-toan-nam-2024.chn?utm_source=du-lieu,
82,(03/03/2025 00:00),"CTG: HĐQT thông qua nội dung mẫu hợp đồng tư vấn ba bên giữa khách hàng, Vietinbank và CTS",https://cafef.vn/du-lieu/CTG-2141925/ctg-hdqt-thong-qua-noi-dung-mau-hop-dong-tu-van-ba-ben-giua-khach-hang-vietinbank-va-cts.chn?utm_source=du-lieu,
83,(03/03/2025 00:00),CTG: Thông báo thay đổi giấy phép thành lập và hoạt động,https://cafef.vn/du-lieu/CTG-2141945/ctg-thong-bao-thay-doi-giay-phep-thanh-lap-va-hoat-dong.chn?utm_source=du-lieu,
84,(28/02/2025 00:00),CTG: HĐQT thông qua hợp đồng hạn mức giao dịch ngoại tệ với Vietinbank Lào,https://cafef.vn/du-lieu/CTG-2139877/ctg-hdqt-thong-qua-hop-dong-han-muc-giao-dich-ngoai-te-voi-vietinbank-lao.chn?utm_source=du-lieu,
85,(28/02/2025 00:00),CTG: Thông báo Quyết định của NHNNVN về việc bổ sung nội dung hoạt động vào Giấy phép thành lập và hoạt động của CTG,https://cafef.vn/du-lieu/CTG-2140416/ctg-thong-bao-quyet-dinh-cua-nhnnvn-ve-viec-bo-sung-noi-dung-hoat-dong-vao-giay-phep-thanh-lap-va-hoat-dong-cua-ctg.chn?utm_source=du-lieu,
86,(21/02/2025 00:00),"CTG: 6.3.2025, ngày GDKHQ tổ chức ĐHĐCĐ thường niên năm 2025",https://cafef.vn/du-lieu/CTG-2136925/ctg-632025-ngay-gdkhq-to-chuc-dhdcd-thuong-nien-nam-2025.chn?utm_source=du-lieu,
87,(20/02/2025 00:00),CTG: Quyết định của TGĐ về việc thay đổi địa điểm trụ sở Chi nhánh Bắc Đà Nẵng,https://cafef.vn/du-lieu/CTG-2134628/ctg-quyet-dinh-cua-tgd-ve-viec-thay-doi-dia-diem-tru-so-chi-nhanh-bac-da-nang.chn?utm_source=du-lieu,
88,(18/02/2025 00:00),CTG: Nghị quyết HĐQT thông qua phương án phân phối lợi nhuận năm 2023,https://cafef.vn/du-lieu/CTG-2132984/ctg-nghi-quyet-hdqt-thong-qua-phuong-an-phan-phoi-loi-nhuan-nam-2023.chn?utm_source=du-lieu,
89,(14/02/2025 00:00),CTG: Nghị quyết HĐQT phê duyệt tổ chức họp ĐHĐCĐ thường niên 2025,https://cafef.vn/du-lieu/CTG-2130898/ctg-nghi-quyet-hdqt-phe-duyet-to-chuc-hop-dhdcd-thuong-nien-2025.chn?utm_source=du-lieu,
90,(09/02/2025 08:57),"Top 50 lợi nhuận 2024 vẫn là cuộc áp đảo của ngân hàng và BĐS, BSR, KBC, HAG, NVL 'biến mất' trong khi 2 công ty họ GELEX trỗi dậy",https://cafef.vn/top-50-loi-nhuan-2024-van-la-cuoc-ap-dao-cua-ngan-hang-va-bds-bsr-kbc-hag-nvl-bien-mat-trong-khi-2-cong-ty-ho-gelex-troi-day-188250209085725353.chn?utm_source=du-lieu,"Tổng lợi nhuận trước thuế của 50 đơn vị có lợi nhuận lớn nhất năm 2024 là 530.980 tỷ đồng thì nhóm ngân hàng chiếm 298.210 tỷ đồng, tức 56%, lớn hơn tổng của tất cả các ngành còn lại.
Đứng thứ 2 là nhóm bất động sản nhưng nhỏ hơn rất nhiều, với 51.438 tỷ đồng, chiếm 9,7%.
Tuy nhiên nếu “trả” Vingroup (VIC) về nhóm bất động sản thay vì xếp vào ngành Ô tô, lợi nhuận của các đại gia địa ốc là 68.162 tỷ đồng, chiếm gần 13%.
Trong top10, chỉ có tỷ phú Phạm Nhật Vượng “địch” lại được nhóm nhà băng khi 2 cái tên duy nhất phi tài chính là VinHomes (VHM) và Vingroup.
Vingroup năm nay có sự bứt phá của doanh thu mảng sản xuất xe điện, nhưng lợi nhuận chủ yếu nhờ mảng bất động sản. Cụ thể doanh thu ﻿từ chuyển nhượng bất động sản năm nay chiếm 93.000 tỷ đồng và doanh thu từ mảng sản xuất là 53.000 tỷ đồng. Các mảng còn lại chiếm khoảng gần 46.000 tỷ đồng.
Với việc lợi nhuận giảm rất mạnh, loạt “đại gia” nằm trong top50 lợi nhuận 2023 đã rời khỏi danh sách của năm 2024, bao gồm CTCP Lọc Hóa dầu Bình Sơn (BSR) – giảm 93% còn 680 tỷ, Kinh Bắc (KBC) – giảm 73% còn 764 tỷ, Novaland (NVL) lỗ kỷ lục 2.530 tỷ hay Hoàng Anh Gia Lai (HAG) – giảm 44% còn 1.019 tỷ…
Ngược lại, 2 doanh nghiệp họ Gelex là CTCP Tập đoàn GELEX (GEX) và CTCP Điện lực GELEX (GEE) đã trỗi dậy, tăng lần lượt 159% và 121% để đạt LNTT là 3.616 tỷ và 2.154 tỷ.
Cuộc ‘tái sinh’ của CTCP Đầu tư Thế giới di động (MWG) với mức tăng 417% đưa doanh nghiệp này trở lại top50.
Và Viettel Global (VGI) cũng tăng 176% lên một mặt bằng mới là mức lợi nhuận trên 10.000 tỷ, chính thức xóa hết lỗ lũy kế, đưa nhóm viễn thông trở thành nhóm lớn thứ 6 với 14.308 tỷ đồng.
Đặc biệt, Vietnam Airlines (HVN) là cú lật ngoạn mục từ mức lỗ 5.362 tỷ đồng trong năm trước lên mức lãi 7.723 tỷ đồng trong năm nay, xếp hạng 22 trong top, chính thức chấm dứt chuỗi 4 năm liên tiếp lỗ. Cũng nhờ vậy, tổng lợi nhuận nhóm hàng không đã vọt lên 22.056 chiếm 4,2% và là nhóm lớn thứ 5.
Con số lợi nhuận của Vietnam Airlines chủ yếu là nhờ trong 2 quý đầu năm được giảm nợ và hoãn nợ. Đến quý 3/2024 và quý 4/2024 doanh nghiệp này đã hoạt động ổn định trở lại.
Tuy vậy, tại thời điểm 31/12/2024 Vietnam Airlines vẫn đang lỗ lũy kế ﻿34.307 tỷ đồng. Điều này khiến vốn chủ sở hữu của hãng bay này âm hơn 10.000 tỷ đồng.
Thép – Dầu khí – Công nghệ mỗi ngành chỉ có 1 doanh nghiệp góp mặt nhưng lợi nhuận đều trên 10.000 tỷ."
91,(07/02/2025 00:31),"Cuộc đua lợi nhuận ngân hàng: VietinBank bứt phá chấm dứt chuỗi 900 ngày thống trị của Vietcombank, có tới 8 nhà băng lập kỷ lục",https://cafef.vn/cuoc-dua-loi-nhuan-ngan-hang-vietinbank-but-pha-cham-dut-chuoi-900-ngay-thong-tri-cua-vietcombank-co-toi-8-nha-bang-lap-ky-luc-188250207003146149.chn?utm_source=du-lieu,"27 ngân hàng trên sàn chứng khoán đều đã công bố báo cáo tài chính quý 4/2024. Theo số liệu thống kê, tổng lợi nhuận sau thuế kỳ này của các nhà băng đạt 63.423 tỷ đồng, tăng trở lại và lập đỉnh cao mới sau khi bất ngờ giảm trong quý 3/2024.
So với quý 3, tổng lợi nhuận quý 4/2024 tăng﻿ 13,15%. Còn nếu so với cùng kỳ năm trước, lợi nhuận tăng hơn 18%.
Điểm đáng chú ý nhất trong kỳ này là sự bứt phá của VietinBank. Ngân hàng Công Thương báo lãi đột biến 9.871 tỷ đồng, cao nhất lịch sử và gấp rưỡi đỉnh cũ gần 6.500 tỷ đồng hồi quý 1/2021. Qua đó, VietinBank vượt qua Vietcombank để đứng vị trí số 1 trên bảng xếp hạng lợi nhuận.
Đây cũng là lần đầu tiên VietinBank ﻿đứng đầu danh sách. Vị trí quen thuộc của nhà băng này là trong khoảng từ thứ 2 tới thứ 5.
Vietcombank bị đẩy xuống vị trí thứ 2 dù lợi nhuận tương đương quý 3/2024. Trước đó, Vietcombank đã có tới 10 quý liên tiếp đứng ở vị trí ngân hàng lãi lớn nhất.
Nếu tính từ năm 2017 tới nay, đây mới là lần thứ 4 Vietcombank không đứng top 1, trong khi có tới 28/32 lần dẫn đầu lợi nhuận.
BIDV kỳ này cũng lãi kỷ lục khi đạt 7.464 tỷ đồng, tăng 43% so với quý trước và tăng 1 bậc lên đứng thứ 3 trên bảng xếp hạng.
Lợi nhuận VietinBank và BIDV tăng mạnh khiến MB tụt 2 bậc, dù lợi nhuận tăng hơn 9% trong kỳ vừa qua và cũng là kỷ lục mới của ngân hàng này.
Ở nhóm ngân hàng tư nhân, Techcombank sa sút khi lợi nhuận giảm tới 41%, tụt 5 bậc xuống vị trí thứ 8 trong khi quý trước đứng thứ 3. Trái lại, VPBank và ACB cùng tăng 1 bậc khi lợi nhuận tăng trưởng 2 chữ số.
Một số ngân hàng có lợi nhuận tăng mạnh trong quý 4 như Sacombank, MSB, Bac A Bank, KienlongBank, cùng tăng hơn 60%, Eximbank tăng 99%, OCB tăng 233%, ﻿Viet Capital Bank tăng tới 623% so mức nền thấp kỳ trước.
ABBank là ngân hàng cải thiện thứ hạng tốt nhất khi chuyển từ lỗ sang lãi lớn, qua đó nhảy 8 bậc từ bét bảng lên đứng thứ 19.
Cùng với VietinBank, BIDV và MB, còn có 5 ngân hàng khác ghi nhận lợi nhuận kỷ lục trong quý 4/2024 gồm ACB, ﻿Viet Capital Bank, Eximbank, LPBank và Sacombank."
92,(24/01/2025 00:00),"CTG: Báo cáo định kỳ tình hình thanh toán gốc, lãi trái phiếu doanh nghiệp phát hành ra công chúng năm 2024",https://cafef.vn/du-lieu/CTG-2120559/ctg-bao-cao-dinh-ky-tinh-hinh-thanh-toan-goc-lai-trai-phieu-doanh-nghiep-phat-hanh-ra-cong-chung-nam-2024.chn?utm_source=du-lieu,
93,(24/01/2025 00:00),CTG: Báo cáo tình hình quản trị công ty năm 2024,https://cafef.vn/du-lieu/CTG-2134253/ctg-bao-cao-tinh-hinh-quan-tri-cong-ty-nam-2024.chn?utm_source=du-lieu,
94,(20/01/2025 00:03),"Bản đồ tỷ đô tại Hà Nội: Hoàn Kiếm là địa bàn của nhóm Ngân hàng, 1 công ty họ Vingroup chuyển nhà phút chót, lý do FPT 'ôm' Cầu Giấy",https://cafef.vn/ban-do-ty-do-tai-ha-noi-hoan-kiem-la-dia-ban-cua-nhom-ngan-hang-1-cong-ty-ho-vingroup-chuyen-nha-phut-chot-ly-do-fpt-om-cau-giay-188250119215141865.chn?utm_source=du-lieu,"Tính đến thời điểm ngày 31/12/2024, thị trường chứng khoán Việt Nam có 50 doanh nghiệp đạt giá trị vốn hóa thị trường trên 1 tỷ USD (tỷ đô), trong đó có 17 ngân hàng.
Nếu nhìn theo khu vực, có 27 doanh nghiệp tỷ đô đăng ký trụ sở tại thủ đô Hà Nội. Tập đoàn Hòa Phát (HPG) tuy đăng ký trụ sở tại Hưng Yên nhưng văn phòng điều hành ""đầu não"" thực tế cũng nằm tại Hà Nội, còn Vietjet Air (VJC) tuy đăng ký trụ sở tại quận Ba Đình (Hà Nội) nhưng ""đầu não"" nằm tại Tp.HCM.
""Bản đồ"" Doanh nghiệp tỷ đô của Hà Nội tập trung tại các quận trung tâm, gồm Ba Đình (1 đơn vị), Hoàn Kiếm (9 đơn vị), Cầu Giấy (4 đơn vị), Tây Hồ (1 đơn vị), Đống Đa (4 đơn vị), Nam Từ Liêm (2 đơn vị), Long Biên (5 đơn vị) và Đông Anh (1 đơn vị).
Theo đó, Hoàn Kiếm là quận có nhiều trụ sở các đơn vị tỷ đô nhất (ngoại trừ Tập đoàn Bảo Việt thì tất cả đều là ngân hàng), với tổng giá trị vốn hóa thị trường là 56,2 tỷ đô, lớn vượt trội so với các khu vực khác. Nơi đây có trụ sở của 3 ngân hàng lớn nhất thị trường là Vietcombank (VCB, 20,4 tỷ đô), BIDV (BID, 10,4 tỷ đô) và Vietinbank (CTG, 8,1 tỷ đô).
Trụ sở chính của Ngân hàng Nhà nước Việt Nam nằm tại quận Hoàn Kiếm, trên đường Lý Thái Tổ. Quãng đường từ Ngân hàng Nhà nước đến ""tổ hợp"" trụ sở của Vietcombank, BIDV, Seabank (194 - 198 Trần Quang Khải), LPBank (210 Trần Quang Khải) chỉ khoảng 300m.
Quận Long Biên – nơi ""đóng đô"" của các doanh nghiệp họ Vin bao gồm Vingroup (VIC), Vinhomes (VHM) và Vincom Retail (VRE), cùng với Vietnam Airlines (HVN) và Hóa Chất Đức Giang (DGC), ghi nhận tổng vốn hóa 18,6 tỷ đô, là quận lớn thứ 2.
Vingroup chuyển về khu đô thị Vinhomes Riverside (trước kia có tên là khu Đô thị Sinh thái Vincom Village) vào năm 2013 sau khi bán toàn bộ tháp B (khối văn phòng) của toà nhà Vincom Center Hà Nội tại 191 Bà Triệu – vốn đang là trụ sở của mình - cho Techcombank. Địa chỉ này là trụ sở của Techcombank cho đến tháng 1/2023, khi ngân hàng chuyển về số 6 phố Quang Trung (q.Hoàn Kiếm).
Bên cạnh Long Biên thì huyện Đông Anh (đã được HĐND thành phố Hà Nội thông qua Nghị quyết về việc tán thành chủ trương thành lập quận) cũng có một 1 công ty tỷ đô là công ty con do Vingroup sở hữu 83%. CTCP Trung tâm Hội chợ Triển lãm Việt Nam (VEFAC, VEF) là Chủ đầu tư của dự án (1) Trung tâm Hội chợ Triển lãm Quốc gia tại Cổ Loa (Vốn đầu tư hơn 7.300 tỷ đồng) và (2) Khu đô thị mới tại các xã Xuân Canh, Đông Hội, Mai Lâm (Vinhomes Cổ Loa, với tổng vốn đầu tư khoảng 35.000 tỷ đồng).
VEFAC trước ngày 28/11/2024 vẫn đặt trụ sở tại 148 Giảng Võ – nơi đặt Trung tâm hội chợ triển lãm Quốc gia trước đây. Sau ngày này, VEFAC mới chính thức chuyển trụ sở về Đông Anh.
Trong khi đó, quận Cầu Giấy là ""địa bàn"" của Tập đoàn FPT (FPT) và FPT Telecom (FOX). Đây là quận có tổng vốn hóa 17,3 tỷ đô, lớn thứ 3 trên bản đồ.
Trụ sở chính của FPT ban đầu không nằm tại quận Cầu Giấy. Vào năm 2007, Tập đoàn này đã chuyển trụ sở từ 89 Láng Hạ về tòa nhà FPT Cầu Giấy. Năm 2021, FPT hoàn tất chuyển về Tổ hợp toà nhà FPT Tower tại số 10 Phạm Văn Bạch (Cầu Giấy). Công trình này rất ấn tượng với thiết kế mô phỏng hình khối logo của FPT, gồm hai tòa nhà cao 21 tầng và 17 tầng cùng văn phòng trung tâm dữ liệu hiện đại cao 8 tầng.
Biểu tượng mã GEN của FPT kết hợp với khối địa cầu được đặt chính giữa sảnh đón tiếp mang hàm ý FPT đã và đang vươn mình ra thế giới. Điểm đặc biệt là quả địa cầu này quay hết 1 vòng trong 13 phút, đúng theo ngày thành lập FPT (13/9/1988).
Năm 2013, Bộ Thông tin và Truyền thông chính thức công nhận khu 8,3 ha tại Duy Tân, Cầu Giấy (Hà Nội) là khu Công nghệ thông tin tập trung thứ ba của cả nước, sau Khu công nghệ phần mềm Quang Trung (TP HCM) và Khu công nghệ phần mềm Đà Nẵng. Với chính sách dành cho khu CNTT, FPT và các công ty con có trụ sở tại khu này sẽ được ưu đãi về tiền thuê đất, miễn, giảm các loại thuế và những ưu đãi khác.
Khu CNTT Cầu Giấy tập trung những doanh nghiệp CNTT mạnh như FPT, CMC, MISA, Hài Hòa, Elcom…
Quận Nam Từ Liêm tuy chỉ vỏn vẹn 2 cái tên nhưng lại là cái tên ""rất to"", đó là Viettel Global (VGI) với vốn hóa tới 11,2 tỷ đô. Năm 2024 là năm thăng hoa của Viettel Global khi cổ phiếu tăng một mạch từ khoảng giá 26.000 đồng hồi đầu năm lên đỉnh 109.700 đồng, tương đương mức tăng 322%. Tuy mức giá đỉnh đó đã không được giữ vững, VGI vẫn đóng cửa phiên cuối năm tại 91.600 đồng, tăng 252%, là doanh nghiệp có giá trị thị trường lớn nhất sàn UPCOM."
95,(20/01/2025 00:00),"CTG: HĐQT thông qua Hợp đồng hợp tác ba bên giữa VietinBank với VBI và đối tác, Phụ lục Hợp đồng đại lý bảo hiểm với VBI",https://cafef.vn/du-lieu/CTG-2118392/ctg-hdqt-thong-qua-hop-dong-hop-tac-ba-ben-giua-vietinbank-voi-vbi-va-doi-tac-phu-luc-hop-dong-dai-ly-bao-hiem-voi-vbi.chn?utm_source=du-lieu,
96,(17/01/2025 00:00),CTG: CBTT cử người đại điện phần vốn Nhà nước tại Vietinbank,https://cafef.vn/du-lieu/CTG-2117115/ctg-cbtt-cu-nguoi-dai-dien-phan-von-nha-nuoc-tai-vietinbank.chn?utm_source=du-lieu,
97,(17/01/2025 00:00),CTG: Báo cáo kết quả chào bán trái phiếu ra công chúng đợt 1,https://cafef.vn/du-lieu/CTG-2117673/ctg-bao-cao-ket-qua-chao-ban-trai-phieu-ra-cong-chung-dot-1.chn?utm_source=du-lieu,
98,(10/01/2025 00:00),CTG: HĐQT thông qua Văn bản ủy quyền và Hợp đồng đại diện nhận TSBĐ với VietinBank Lào,https://cafef.vn/du-lieu/CTG-2114232/ctg-hdqt-thong-qua-van-ban-uy-quyen-va-hop-dong-dai-dien-nhan-tsbd-voi-vietinbank-lao.chn?utm_source=du-lieu,
99,(02/01/2025 00:00),CTG: HĐQT thông qua Văn bản sửa đổi Phụ lục Hợp đồng ủy quyền bán vàng miếng với VGJ,https://cafef.vn/du-lieu/CTG-2108748/ctg-hdqt-thong-qua-van-ban-sua-doi-phu-luc-hop-dong-uy-quyen-ban-vang-mieng-voi-vgj.chn?utm_source=du-lieu,
100,(27/12/2024 00:00),CTG: Nghị quyết HĐQT về việc công tác mạng lưới,https://cafef.vn/du-lieu/CTG-2106318/ctg-nghi-quyet-hdqt-ve-viec-cong-tac-mang-luoi.chn?utm_source=du-lieu,
101,(27/12/2024 00:00),CTG: Quyết định của TGĐ về việc thay đổi tên Chi nhánh Thừa Thiên Huế và Chi nhánh Nam Thừa Thiên Huế,https://cafef.vn/du-lieu/CTG-2106325/ctg-quyet-dinh-cua-tgd-ve-viec-thay-doi-ten-chi-nhanh-thua-thien-hue-va-chi-nhanh-nam-thua-thien-hue.chn?utm_source=du-lieu,
102,(26/12/2024 00:00),CTG: HĐQT thông qua hợp đồng khung mua bán hàng hóa với VietinBank Gold & Jewellery,https://cafef.vn/du-lieu/CTG-2105731/ctg-hdqt-thong-qua-hop-dong-khung-mua-ban-hang-hoa-voi-vietinbank-gold--jewellery.chn?utm_source=du-lieu,
103,(26/12/2024 00:00),CTG: HĐQT thông qua hợp đồng bảo hiểm Cyber Risk với VBI,https://cafef.vn/du-lieu/CTG-2105732/ctg-hdqt-thong-qua-hop-dong-bao-hiem-cyber-risk-voi-vbi.chn?utm_source=du-lieu,
104,(25/12/2024 16:47),"Cổ phiếu Vietinbank (CTG), Sacombank (STB) được “gom” mạnh trong ngày thị trường “thăng hoa”, VN-Index đạt 1.274,04 điểm",https://cafef.vn/co-phieu-vietinbank-ctg-sacombank-stb-duoc-gom-manh-trong-ngay-thi-truong-thang-hoa-vnindex-dat-127404-diem-188241225164807437.chn?utm_source=du-lieu,"Cụ thể, kết phiên 25/12, giá cổ phiếu CTG của ngân hàng TMCP Công thương Việt Nam (Vietinbank) ở mức 38.200 đồng/cổ phiếu, tăng 5,25% so với phiên trước, khối lượng cổ phiếu giao dịch khớp lệnh tăng đột biến đạt gần 25,2 triệu đơn vị - tăng hơn 8 lần phiên trước.
Thị trường chứng khoán “thăng hoa”, cổ phiếu CTG được các nhà đầu tư “gom” mạnh vào thời điểm cuối phiên sáng, giúp thị giá tăng “thẳng đứng” kịch trần. Tuy nhiên, sức nóng của mã cổ phiếu nhà băng này đã giảm đi đáng kể ở phiên chiều.
Cổ phiếu CTG đạt đỉnh giá cao nhất lịch sử niêm yết ở phiên 25/12. (Nguồn: Cafef)
Đáng chú ý, với mức giá 38.200 đồng/cổ phiếu, đây là mức giá cao nhất lịch sử niên yết của cổ phiếu CTG, đưa vốn hóa thị trường của nhà băng này lên hơn 205.133 tỷ đồng.
Tương tự, cổ phiếu STB của Ngân hàng TMCP Sài Gòn Thương Tín (Sacombank) cũng được nhà đầu tư “gom” mạnh trong phiên giao dịch hôm nay.
Kết phiên 25/12, giá cổ phiếu STB ở mức 36.250 đồng/cổ phiếu, tăng 4,47% so với phiên trước, khối lượng cổ phiếu giao dịch khớp lệnh tăng đột biến đạt gần 14,4 triệu đơn vị - tăng gần 4 lần so với phiên trước.
Cổ phiếu STB cũng được nhà đầu tư “gom” mạnh đột biến ở cuối phiên sáng, giúp thị giá tăng “thẳng đứng”. Lực cầu có phần giảm nhẹ ở phiên chiều.
Cổ phiếu STB tiếp đà ""thăng hoa"", đạt đỉnh giá cao nhất lịch sử niêm yết. (Nguồn: Cafef)
Với mức giá 36.250 đồng/cổ phiếu, đây là đỉnh giá cao nhất lịch sử niêm yết của mã cổ phiếu STB. Hiện, vốn hóa thị trường của Sacombank đạt hơn 68.339 tỷ đồng.
Thị trường “thăng hoa”, VN-Index tích lũy thêm gần 14 điểm
Trong ngày thị trường chứng khoán “thăng hoa”, với dòng tiền mua áp đảo hoàn toàn đà bán, chỉ số chính VN-Index tích lũy thêm gần 14 điểm, lên 1.274,04 điểm.
Kết phiên 25/12, chỉ số chính VN-Index tăng 13,68 điểm, lên 1.274,04 điểm. Chỉ số HNX-Index tăng 1,45 điểm, lên 229,81 điểm. Chỉ số UPCoM-Index tăng 0,57 điểm, lên 94,59 điểm.
Thanh khoản trên thị trường “bùng nổ”, với tổng giá trị giao dịch trên cả 3 sàn dạt gần 21.100 tỷ đồng. Riêng trên sàn HoSE, thanh khoản đạt hơn 18.800 tỷ đồng.
Cổ phiếu bluechip là động lực chính cho đà “thăng hoa” của thị trường trong phiên giao dịch hôm nay. Tại rổ VN30 có đến 30/30 mã tăng giá, chỉ số VN30-Index tăng 19,21 điểm, lên 1.342,48 điểm.
Sắc xanh bao phủ hoàn toàn thị trường trong phiên giao dịch hôm nay, với số lượng mã cổ phiếu tăng giá cao hơn gấp đôi mã giảm.
Nhóm cổ phiếu ngân hàng “thăng hoa” với hầu hết các mã cổ phiếu được nhà đầu tư “gom” mạnh như, bộ đôi cổ phiếu ngân hàng CTG và STB lần lượt tăng 5,52% và 4,47%. Theo sau là các cổ phiếu tăng trên 2% như TPB +2,18%, MBB +2,3%, HDB +2,14%. Tiếp đến là các cổ phiếu tăng trên 1% là ACB, BIB, SSB, TCB và VPB.
Tương tự nhóm cổ phiếu chứng khoán cũng hút mạnh dòng tiền của các nhà đầu tư với SSI +2,31%, HCM +2,08%, MBS +2,47%, SHS +1,55%, VIX +1,49%, VCI +1,19%, FTS +1,9%. Đặc biệt, cổ phiếu IVS tăng trần 9,57% lên 10.300 đồng/cổ phiếu.
Nhóm cổ phiếu bất động sản cũng được nhà đầu tư “gom” mạnh, với BCM +2,06%, VRE +1,47%, VHM +0,62%, VIC +0,12%, SIP +1,07%, PDR +1,24%, TCH +3,31%, NLG +1,68%, KBC +1,99%, DXS +1,39% …
Ngược dòng, chỉ một số mã cổ phiếu giảm nhẹ như DXG -0,91%, KDH -0,14%, VPI -0,84%, DTD -1,07%, …
Ngoài ra, thị trường ghi nhận loạt cổ phiếu bluechip thuộc các nhóm ngành tăng mạnh như VCG +5,51%, CTD +3,77%, HHV +6,85%, BMP +1,7%, HPG +1,69%, GVR +1,3%, MSR +5,88%, KSB +6,82%, HNG +1,64%, MWG +1,47%, PVD +1,48%, CMG +1,64%, …
Cổ phiếu Yeah1 (YEG) kèo dài đà tăng trần lên phiên thứ 7 liên tiếp. (Nguồn: Cafef)
Cổ phiếu YEG của CTCP Tập đoàn Yeah1 tiếp tục gây ấn tượng mạnh trên thị trường, khi kéo dài đà tăng trần lên phiên thứ 7 liên tiếp, thị giá tăng gần 50%.
Hiện, vốn hóa thị trường của Yeah1 tăng mạnh, lên hơn 3.178 tỷ đồng.
Ngược dòng thị trường, loạt các cổ phiếu bị nhà đầu tư bán tháo trong phiên giao dịch hôm nay, như HVN -3,86%, HAG -1,96%, CSV -1,89%, PVT -1,05%, HAH -1,77%, VOS -1,4%, NTP -1,95%, APG -6,88%, MIG -2,71%, DSE -1,31%, BMS -1,79%, EVS -1,67%, EIB -0,51%, DBD -3,95%, …."
105,(25/12/2024 15:35),Cổ phiếu VietinBank lên cao nhất lịch sử,https://cafef.vn/co-phieu-vietinbank-len-cao-nhat-lich-su-188241225153633639.chn?utm_source=du-lieu,"Ảnh minh họa
Phiên giao dịch hôm nay 25/12 chứng kiến diễn biến đáng chú ý tại cổ phiếu CTG của VietinBank. Theo đó, cổ phiếu này đã bật tăng mạnh mẽ hơn 5,5% lên mức cao kỷ lục 38.200 đồng/cp (giá đã điều chỉnh theo cổ tức).
Với diễn biến trên, CTG là mã tăng giá mạnh nhất trong nhóm cổ phiếu ngân hàng và nhóm VN30. Tính từ đầu năm, cổ phiếu này đã tăng tổng cộng 41% và là một trong những mã ngân hàng tăng mạnh nhất trong năm 2024.
Diễn biến cổ phiếu CTG của VietinBank (Nguồn: HSC)
Liên quan đến cổ phiếu này, ông Trần Minh Bình, Chủ tịch HĐQT VietinBank mới đây cho biết, tính đến hết tháng 11/2024, tổng tài sản của ngân hàng ước đạt hơn 2,3 triệu tỷ đồng, tăng 14,7% so với năm 2023; tín dụng tăng trưởng 14,2% so với năm 2023 (đến ngày 10/12 tăng 14,8%); nguồn vốn huy động đạt gần 1,7 triệu tỷ đồng, tăng 11,3% so với cuối năm 2023; tỷ lệ nợ xấu được kiểm soát ở mức 1,1%. Tỷ lệ bao phủ nợ xấu tiếp tục duy trì ở mức cao.
Với gần 15%, VietinBank là ngân hàng có tăng trưởng tín dụng mạnh nhất trong nhóm ngân hàng quốc doanh.
Ngoài ra, ngân hàng này cũng có thể sẽ sớm thực hiện chia cổ tức. Trong báo cáo về tình hình thực hiện kế hoạch phát triển kinh tế - xã hội năm 2024 gửi Ủy ban Thường vụ Quốc hội mới đây, Chính phủ cho biết đã hoàn thiện hồ sơ tăng vốn điều lệ đối với VietinBank.
Trong năm 2024, VietinBank chưa thực hiện đợt chi trả cổ tức nào Lần chia cổ tức gần nhất của ""ông lớn"" này là vào tháng 12/2023 với nguồn chi trả là lợi nhuận còn lại của năm 2020, giúp vốn điều lệ tăng lên 53.700 tỷ đồng.
Ở đại hội cổ đông vừa qua, Chủ tịch Trần Minh Bình cho biết VietinBank đã nhận được ý kiến của NHNN và Bộ Tài chính cho phép giữ lại toàn bộ lợi nhuận năm 2022 (11.678 tỷ đồng) để tăng vốn thông qua chia cổ tức bằng cổ phiếu. Bên cạnh đó, ngân hàng còn kế hoạch tăng vốn điều lệ thêm 12.330 tỷ đồng từ nguồn lợi nhuận còn lại từ năm 2021 và lợi nhuận còn lại lũy kế đến hết năm 2016.
Nếu được chấp thuận và thực hiện xong hai kế hoạch nêu trên, vốn điều lệ của VietinBank sẽ tăng lên trên 77.700 tỷ đồng
Ngoài cổ phiếu CTG của VietinBank, phiên giao dịch 25/12 cũng ghi nhận nhiều mã ngân hàng tăng giá mạnh như STB (4,5%), MBB (2,3%), TPB (2,2%), HDB (2,1%), LPB (2,1%)."
106,(19/12/2024 00:00),CTG: CBTT chào bán Trái phiếu ra công chúng đợt 1,https://cafef.vn/du-lieu/CTG-2101887/ctg-cbtt-chao-ban-trai-phieu-ra-cong-chung-dot-1.chn?utm_source=du-lieu,
107,(18/12/2024 00:00),CTG: Giấy chứng nhận đăng ký chào bán trái phiếu ra công chúng,https://cafef.vn/du-lieu/CTG-2101356/ctg-giay-chung-nhan-dang-ky-chao-ban-trai-phieu-ra-cong-chung.chn?utm_source=du-lieu,
108,(18/12/2024 00:00),CTG: Miễn nhiệm ông Nguyễn Đình Vinh - Phó Tổng giám đốc từ 18.12.2024,https://cafef.vn/du-lieu/CTG-2101378/ctg-mien-nhiem-ong-nguyen-dinh-vinh-pho-tong-giam-doc-tu-18122024.chn?utm_source=du-lieu,
109,(17/12/2024 00:00),"CTG: HĐQT thông qua văn bản sửa đổi, bổ sung hợp đồng đại lý bảo hiểm giữa Vietinbank với VBI",https://cafef.vn/du-lieu/CTG-2100751/ctg-hdqt-thong-qua-van-ban-sua-doi-bo-sung-hop-dong-dai-ly-bao-hiem-giua-vietinbank-voi-vbi.chn?utm_source=du-lieu,
110,(04/12/2024 00:00),CTG: Nghị quyết HĐQT phê duyệt chủ trương thay đổi địa điểm đặt trụ sở Chi nhánh Bắc Đà Nẵng,https://cafef.vn/du-lieu/CTG-2094338/ctg-nghi-quyet-hdqt-phe-duyet-chu-truong-thay-doi-dia-diem-dat-tru-so-chi-nhanh-bac-da-nang.chn?utm_source=du-lieu,
111,(03/12/2024 00:00),CTG: HĐQT thông qua hợp đồng hạn mức giao dịch cho vay/gửi tiền trên thị trường liên Ngân hàng với IVB,https://cafef.vn/du-lieu/CTG-2093737/ctg-hdqt-thong-qua-hop-dong-han-muc-giao-dich-cho-vaygui-tien-tren-thi-truong-lien-ngan-hang-voi-ivb.chn?utm_source=du-lieu,
112,(29/11/2024 00:00),CTG: HĐQT thông qua Hợp đồng mua bảo hiểm xe cơ giới với VBI Thăng Long,https://cafef.vn/du-lieu/CTG-2091831/ctg-hdqt-thong-qua-hop-dong-mua-bao-hiem-xe-co-gioi-voi-vbi-thang-long.chn?utm_source=du-lieu,
113,(29/11/2024 00:00),CTG: HĐQT thông qua Hợp đồng bảo hiểm sức khỏe VBI Care với VBI,https://cafef.vn/du-lieu/CTG-2091832/ctg-hdqt-thong-qua-hop-dong-bao-hiem-suc-khoe-vbi-care-voi-vbi.chn?utm_source=du-lieu,
114,(20/11/2024 00:00),"CTG: Quyết định điều chỉnh, bổ sung chi tiết Phương án phát hành, phương án trả nợ vốn thu được từ các đợt phát hành trái phiếu ra công chúng năm 2024",https://cafef.vn/du-lieu/CTG-2087356/ctg-quyet-dinh-dieu-chinh-bo-sung-chi-tiet-phuong-an-phat-hanh-phuong-an-tra-no-von-thu-duoc-tu-cac-dot-phat-hanh-trai-phieu-ra-cong-chung-nam-2024.chn?utm_source=du-lieu,
115,(01/11/2024 07:37),"Những cái tên lãi lớn nhất sàn chứng khoán quý 3/2024: Vinhomes 'đòi' lại ngôi vương, một cái tên gây bất ngờ",https://cafef.vn/nhung-cai-ten-lai-lon-nhat-san-chung-khoan-quy-32024-vinhomes-doi-lai-ngoi-vuong-mot-cai-ten-gay-bat-ngo-188241101073751618.chn?utm_source=du-lieu,"Bảng xếp hạng 20 đơn vị lãi trước thuế lớn nhất sàn chứng khoán trong quý 3/2024:
Vinhomes (VHM) là đơn vị có lợi nhuận trước thuế lớn nhất trong quý 3/2024. Công ty này đã đòi lại vị trí đầu bảng từ Vietcombank (VCB) sau 2 quý.
Cụ thể, ﻿Vinhomes công bố kết quả kinh doanh quý 3/2024 với doanh thu thuần đạt 33.323 tỷ đồng, tăng nhẹ gần 2% so với cùng kỳ năm trước. Khấu trừ các khoản chi phí khác, Vinhomes báo lợi nhuận trước thuế quý 3/2024 đạt hơn 10.800 tỷ đồng.
Vietcombank (VCB) đứng ở vị trí ""á quân""  với ợi nhuận trước thuế hợp nhất quý 3/2024 đạt 10.699 tỷ đồng, tăng 18% so với cùng kỳ và cao nhất hệ thống. Lũy kế 9 tháng, lãi trước thuế của nhà băng này đạt 31.533 tỷ đồng, tăng 7%. Cuối tháng 9, tổng tài sản của Vietcombank đạt 1,93 triệu tỷ đồng, tăng 5% so với đầu năm.
Các ngân hàng tiếp theo nằm trong Top 5 lợi nhuận lần lượt là MB (7.308 tỷ đồng), Techcombank (7.214 tỷ đồng) và Vietinbank (6.522 tỷ đồng). Trong top 10 công ty lãi lớn nhất trên sàn chứng khoán có tới 8 ngân hàng. Xét rộng ra top 20 con số này là 12 ngân hàng.
Công ty phi tài chính còn lại trong top 10 chính là Vingroup (VIC) - công ty mẹ của Vinhome và VinFast. Trong quý vừa qua, doanh nghiệp này mang về 62.851 tỷ đồng doanh thu - một kỷ lục mới của doanh nghiệp này. Lợi nhuận trước thuế đạt 4.705 tỷ đồng, tăng 5% so với cùng kỳ.
Những cái tên phi tài chính còn lại trong nhóm đều là những cái tên quen mặt như Hòa Phát, PV Gas, Vinamilk, FPT, ACV...
Bất ngờ nhất trong top 20 lần này chính là sự góp mặt của Novaland (NVL) . Theo BCTC quý 3/2024, công ty lãi ròng kỷ lục 3.﻿120 tỷ đồng trong quý, gấp 18 lần cùng kỳ năm trước. Mặc dù doanh thu và lợi nhuận gộp đều tăng mạnh so với cùng kỳ, nhưng thực tế, nếu không có khoản doanh thu tài chính gần 3.900 tỷ đồng, Novaland sẽ lỗ."
116,(31/10/2024 00:00),CTG: Quyết định về việc thay đổi địa điểm đặt trụ sở Chi nhánh Tây Thăng Long,https://cafef.vn/du-lieu/CTG-2077803/ctg-quyet-dinh-ve-viec-thay-doi-dia-diem-dat-tru-so-chi-nhanh-tay-thang-long.chn?utm_source=du-lieu,
117,(31/10/2024 00:00),CTG: Thông báo của HNX về việc hủy niêm yết Trái phiếu CTG121030,https://cafef.vn/du-lieu/CTG-2077809/ctg-thong-bao-cua-hnx-ve-viec-huy-niem-yet-trai-phieu-ctg121030.chn?utm_source=du-lieu,
118,(18/10/2024 17:11),Chân dung Tân Tổng giám đốc 8x của VietinBank: Từ nhân viên quan hệ khách hàng sau 20 năm trở thành CEO 'Big 4',https://cafef.vn/chan-dung-tan-tong-giam-doc-8x-cua-vietinbank-tu-nhan-vien-quan-he-khach-hang-sau-20-nam-tro-thanh-ceo-big-4-188241018151131535.chn?utm_source=du-lieu,"Ngày 17/10/2024 tại Hà Nội, Ngân hàng TMCP Công Thương Việt Nam (VietinBank) tổ chức Đại hội đồng cổ đông (ĐHĐCĐ) bất thường năm 2024. Đại hội đã thông qua nội dung quan trọng bầu bổ sung thành viên Hội đồng quản trị VietinBank nhiệm kỳ 2024 - 2029.
Cụ thể, ĐHĐCĐ đã thông qua việc bầu bổ sung ông Nguyễn Trần Mạnh Trung và ông Nguyễn Việt Dũng làm thành viên Hội đồng quản trị (HĐQT) VietinBank nhiệm kỳ 2024 - 2029.
Cùng ngày, tại Hội nghị Công bố các quyết định về công tác cán bộ, HĐQT VietinBank đã công bố Quyết định bổ nhiệm ông Nguyễn Trần Mạnh Trung, tân Thành viên HĐQT VietinBank nhiệm kỳ 2024 - 2029 kiêm giữ chức vụ Tổng Giám đốc VietinBank, thời hạn bổ nhiệm giữ chức vụ là 05 năm, kể từ ngày 17/10/2024.
Ông Nguyễn trần Mạnh Trung sinh năm 1983, trình độ cử nhân tài chính ngân hàng, Đại học kinh tế quốc dân (2001-2005), thạc sỹ tài chính ngân hàng, Học viện Ngân hàng (2016-2018).
Về quá trình công tác, từ tháng 9/2005 đến tháng 4/2011: Nhân viên quan hệ khách hàng doanh nghiệp VietinBank Đống Đa.
Từ tháng 5/2011 đến tháng 6/2011: Phó phòng quản lý rủi ro & nợ CVĐ VietinBank Đống Đa.
Từ tháng 7/2011 đến tháng 5/2014: Thư ký trụ sở chính VietinBank.
Từ tháng 6/2014 đến tháng 10/2014: Quyền TP Quản lý hoạt động kinh doanh trụ sở chính VietinBank.
Từ tháng 10/2014 đến tháng 7/2015: Phó giám đốc khối, kiêm TP Khách hàng doanh nghiệp lớn trụ sở chính VietinBank.
Từ tháng 7/2015 đến tháng 5/2022: Giám đốc VietinBank chi nhánh TP Hà Nội.
Từ tháng 9/2022 đến nay: Phó Tổng giám đốc VietinBank.
Về kết quả kinh doanh, một số chỉ tiêu ước tính riêng lẻ của VietinBank như sau: Tổng tài sản tăng 9,7% so với cuối năm 2023; Dư nợ tín dụng tăng 9% so với cuối năm 2023, tuân thủ hạn mức tăng trưởng tín dụng của NHNN; Nguồn vốn huy động tăng 7,9% so với cuối năm 2023; Tỷ lệ nợ xấu (chưa bao gồm CIC) được kiểm soát ở mức 1,4%..."
119,(18/10/2024 00:00),CTG: Nghị quyết và Biên bản họp ĐHĐCĐ bất thường năm 2024,https://cafef.vn/du-lieu/CTG-2071377/ctg-nghi-quyet-va-bien-ban-hop-dhdcd-bat-thuong-nam-2024.chn?utm_source=du-lieu,
120,(18/10/2024 00:00),"CTG: Bổ nhiệm ông Nguyễn Trần Mạnh Trung giữ chức Tổng giám đốc kiêm thành viên HĐQT, ông Nguyễn Việt Dũng làm thành viên HĐQT từ 17.10.2024",https://cafef.vn/du-lieu/CTG-2071378/ctg-bo-nhiem-ong-nguyen-tran-manh-trung-giu-chuc-tong-giam-doc-kiem-thanh-vien-hdqt-ong-nguyen-viet-dung-lam-thanh-vien-hdqt-tu-17102024.chn?utm_source=du-lieu,
121,(16/10/2024 00:00),"CTG: Cập nhật, bổ sung tài liệu họp ĐHĐCĐ bất thường năm 2024",https://cafef.vn/du-lieu/CTG-2070132/ctg-cap-nhat-bo-sung-tai-lieu-hop-dhdcd-bat-thuong-nam-2024.chn?utm_source=du-lieu,
122,(15/10/2024 00:00),CTG: HĐQT thông qua hợp đồng bảo hiểm D&O với VBI,https://cafef.vn/du-lieu/CTG-2069476/ctg-hdqt-thong-qua-hop-dong-bao-hiem-do-voi-vbi.chn?utm_source=du-lieu,
123,(09/10/2024 00:00),"CTG: Nghị quyết HĐQT phê duyệt, công bố chính thức các chỉ tiêu kế hoạch kinh doanh năm 2024",https://cafef.vn/du-lieu/CTG-2066737/ctg-nghi-quyet-hdqt-phe-duyet-cong-bo-chinh-thuc-cac-chi-tieu-ke-hoach-kinh-doanh-nam-2024.chn?utm_source=du-lieu,
124,(01/10/2024 00:00),CTG: HĐQT thông qua Hợp đồng Bảo hiểm mọi rủi ro tài sản bao gồm cháy nổ bắt buộc giữa VietinBank với VBI,https://cafef.vn/du-lieu/CTG-2061990/ctg-hdqt-thong-qua-hop-dong-bao-hiem-moi-rui-ro-tai-san-bao-gom-chay-no-bat-buoc-giua-vietinbank-voi-vbi.chn?utm_source=du-lieu,
125,(26/09/2024 00:00),CTG: Thông báo tài liệu họp ĐHĐCĐ bất thường năm 2024,https://cafef.vn/du-lieu/CTG-2059715/ctg-thong-bao-tai-lieu-hop-dhdcd-bat-thuong-nam-2024.chn?utm_source=du-lieu,
126,(17/09/2024 00:00),CTG: Quyết định về việc thay đổi địa điểm trụ sở Chi nhánh Cần Thơ,https://cafef.vn/du-lieu/CTG-2055616/ctg-quyet-dinh-ve-viec-thay-doi-dia-diem-tru-so-chi-nhanh-can-tho.chn?utm_source=du-lieu,
127,(12/09/2024 00:00),"CTG: HĐQT thông qua văn bản sửa đổi, bổ sung hợp đồng đại lý bảo hiểm giữa Vietinbank với VBI",https://cafef.vn/du-lieu/CTG-2053207/ctg-hdqt-thong-qua-van-ban-sua-doi-bo-sung-hop-dong-dai-ly-bao-hiem-giua-vietinbank-voi-vbi.chn?utm_source=du-lieu,
128,(10/09/2024 00:00),CTG: HĐQT thông qua hợp đồng bảo hiểm hàng hóa vận chuyển với VBI,https://cafef.vn/du-lieu/CTG-2051682/ctg-hdqt-thong-qua-hop-dong-bao-hiem-hang-hoa-van-chuyen-voi-vbi.chn?utm_source=du-lieu,
129,(10/09/2024 00:00),"CTG: HĐQT thông qua văn bản sửa đổi, bổ sung hợp đồng ủy quyền bán vàng miếng với VGJ",https://cafef.vn/du-lieu/CTG-2051721/ctg-hdqt-thong-qua-van-ban-sua-doi-bo-sung-hop-dong-uy-quyen-ban-vang-mieng-voi-vgj.chn?utm_source=du-lieu,
130,(10/09/2024 00:00),CTG: HĐQT thông qua các hợp đồng với VGJ,https://cafef.vn/du-lieu/CTG-2051723/ctg-hdqt-thong-qua-cac-hop-dong-voi-vgj.chn?utm_source=du-lieu,
131,(30/08/2024 10:28),"Công bố Top 20 ngân hàng nộp ngân sách lớn nhất thuộc danh sách VNTAX 200: Gồm cả khối nhà nước, tư nhân, nước ngoài",https://cafef.vn/cong-bo-top-20-ngan-hang-nop-ngan-sach-lon-nhat-thuoc-danh-sach-vntax-200-gom-ca-khoi-nha-nuoc-tu-nhan-nuoc-ngoai-188240830102146924.chn?utm_source=du-lieu,"Lâu nay đã có nhiều bảng vinh danh doanh nghiệp nhưng chưa có bảng vinh danh nào phản ánh về tổng nộp ngân sách của doanh nghiệp. Trong khi đó, đây là một trong những nhân tố quan trọng phản ánh mức độ đóng góp của doanh nghiệp cho xã hội. Với mong muốn ghi nhận vai trò quan trọng của khu vực tư nhân trong nền kinh tế, tôn vinh và lan tỏa tinh thần phụng sự xã hội của các doanh nghiệp, ngày 15/8/2024, CafeF đã công bố PRIVATE 100 – Danh sách các doanh nghiệp tư nhân nộp ngân sách lớn nhất Việt Nam.
PRIVATE 100 gồm danh sách chung của tất cả những doanh nghiệp tư nhân có số nộp trên 100 tỷ đồng; Top 100 doanh nghiệp dẫn đầu cùng một số danh sách các doanh nghiệp dẫn đầu các nhóm ngành như Ngân hàng, Chứng khoán, Thực phẩm – Đồ uống, Bất động sản, Bán lẻ, Các tập đoàn đa ngành hàng đầu …
Với mục tiêu không chỉ ghi nhận sự đóng góp của khu vực kinh tế nhân, CafeF đang tiếp tục xây dựng VNTAX 200 – Danh sách các doanh nghiệp nộp ngân sách lớn nhất Việt Nam. So với PRIVATE 100, danh sách này sẽ bao gồm tất cả các loại hình doanh nghiệp, từ doanh nghiệp nhà nước, doanh nghiệp tư nhân, doanh nghiệp nước ngoài, liên doanh…
HƠN 100 DOANH NGHIỆP NỘP TRÊN 1.000 TỶ ĐỒNG
Với quy mô lớn hơn, mức nộp ngân sách tối thiểu để vào danh sách chung của VNTAX 200 cũng như các danh sách ngành liên quan ở mức tối thiểu 200 tỷ đồng trở lên. Danh sách công bố năm 2024 được thống kê theo số liệu thực nộp trong niên độ tài chính (12 tháng) kết thúc vào các thời điểm trong khoảng thời gian từ 30/6/2023 đến 31/3/2024.
Hiện danh sách VNTAX 200 đang được hoàn thiện. Các doanh nghiệp có số liệu đáp ứng tiêu chí đều có thể cung cấp để bổ sung vào danh sách.
Nếu như trong danh sách doanh nghiệp tư nhân chỉ có hơn 30 doanh nghiệp nộp ngân sách trên 1.000 tỷ đồng thì ở VNTAX 200, hiện đã có 104 doanh nghiệp. Trong đó, có ít nhất 14 công ty nộp trên 10.000 tỷ đồng – theo danh sách hiện đã thu thập được.
20 NGÂN HÀNG LỚN NHẤT NỘP NGÂN SÁCH 80.200 TỶ ĐỒNG
Với vai trò là một trong những đầu tàu quan trọng của nền kinh tế, các ngân hàng tư có mức đóng góp ngày càng lớn vào ngân sách nhà nước. Với ngành ngân hàng, các loại thuế nộp chủ yếu là thuế thu nhập doanh nghiệp, thuế VAT, thuế thu nhập cá nhân.
Số liệu tổng hợp từ báo cáo tài chính kiểm toán hợp nhất của các ngân hàng cho thấy trong năm 2023, Top 20 ngân hàng nộp ngân sách lớn nhất nộp tổng cộng 80.200 tỷ đồng. Ba cái tên dẫn đầu lần lượt là Vietcombank (11.600 tỷ), Techcombank (7.900 tỷ) và MB (7.500 tỷ).
Cả 5 ngân hàng mà nhà nước có ảnh hưởng lớn gồm Big4 và MB đều nằm ở trong Top10. Có 1 đại diện của nhóm ngân hàng nước ngoài là HSBC."
132,(30/08/2024 00:00),CTG: HĐQT thông qua hợp đồng khung tiền gửi bằng VND với MUFG - CN. TPHCM,https://cafef.vn/du-lieu/CTG-2048171/ctg-hdqt-thong-qua-hop-dong-khung-tien-gui-bang-vnd-voi-mufg-cn-tphcm.chn?utm_source=du-lieu,
133,(30/08/2024 00:00),CTG: HĐQT thông qua các hợp đồng hạn mức GD trên thị trường liên ngân hàng với MUFG - CN. TPHCM,https://cafef.vn/du-lieu/CTG-2048172/ctg-hdqt-thong-qua-cac-hop-dong-han-muc-gd-tren-thi-truong-lien-ngan-hang-voi-mufg-cn-tphcm.chn?utm_source=du-lieu,
134,(30/08/2024 00:00),CTG: HĐQT thông qua hợp đồng cung cấp dịch vụ Ngân hàng quyết toán quốc tế cho các GD thanh toán song phương Việt Nam-Lào bằng mã QRPAY,https://cafef.vn/du-lieu/CTG-2048314/ctg-hdqt-thong-qua-hop-dong-cung-cap-dich-vu-ngan-hang-quyet-toan-quoc-te-cho-cac-gd-thanh-toan-song-phuong-viet-namlao-bang-ma-qrpay.chn?utm_source=du-lieu,
135,(30/08/2024 00:00),"CTG: 13.9.2024, ngày GDKHQ tổ chức ĐHĐCĐ bất thường năm 2024",https://cafef.vn/du-lieu/CTG-2048801/ctg-1392024-ngay-gdkhq-to-chuc-dhdcd-bat-thuong-nam-2024.chn?utm_source=du-lieu,
136,(29/08/2024 00:00),CTG: Nghị quyết HĐQT phê duyệt điều chỉnh phương án phát hành trái phiếu tăng vốn cấp 2 theo hình thức riêng lẻ,https://cafef.vn/du-lieu/CTG-2048847/ctg-nghi-quyet-hdqt-phe-duyet-dieu-chinh-phuong-an-phat-hanh-trai-phieu-tang-von-cap-2-theo-hinh-thuc-rieng-le.chn?utm_source=du-lieu,
137,(26/08/2024 00:00),CTG: Nghị quyết HĐQT về việc phê duyệt tổ chức ĐHĐCĐ bất thường 2024,https://cafef.vn/du-lieu/CTG-2044752/ctg-nghi-quyet-hdqt-ve-viec-phe-duyet-to-chuc-dhdcd-bat-thuong-2024.chn?utm_source=du-lieu,
138,(23/08/2024 00:00),CTG: HĐQT thông qua hợp đồng bảo hiểm tiền với VBI,https://cafef.vn/du-lieu/CTG-2044090/ctg-hdqt-thong-qua-hop-dong-bao-hiem-tien-voi-vbi.chn?utm_source=du-lieu,
139,(21/08/2024 00:00),CTG: HĐQT thông qua các Phụ lục hợp đồng ủy quyền bán vàng miếng,https://cafef.vn/du-lieu/CTG-2042571/ctg-hdqt-thong-qua-cac-phu-luc-hop-dong-uy-quyen-ban-vang-mieng.chn?utm_source=du-lieu,
140,(15/08/2024 07:00),"Vắng 2 công ty họ ""V"", lần đầu tiên trong lịch sử top 5 doanh nghiệp lớn nhất TTCK đều là các đơn vị do nhà nước nắm chi phối",https://cafef.vn/vang-2-cong-ty-ho-v-lan-dau-tien-trong-lich-su-top-5-doanh-nghiep-lon-nhat-ttck-deu-la-cac-don-vi-do-nha-nuoc-nam-chi-phoi-18824081501484503.chn?utm_source=du-lieu,"Trong vòng 10 năm qua, thị trường chứng khoán Việt Nam đã chứng kiến nhiều biến động và thay đổi lớn. Cùng với đó, bảng xếp hạng top 10 doanh nghiệp có vốn hóa lớn nhất trên thị trường cũng đã trải qua những biến động đáng kể.
Các ngân hàng vẫn là tiếp tục nắm giữ nhiều vị trí trong top 10. Trong suốt thập kỷ qua, chưa khi nào, trong top 10 doanh nghiệp có vốn hóa lớn nhất trên thị trường không có ít nhất 3 ngân hàng. Đặc biệt, Vietcombank đã nắm giữ vị trí top 1 trong gần 4 năm liên tiếp với vốn hóa cách biệt so với vị trí thứ 2. Tại ngày 9/8/2024, giá trị vốn hóa của Vietcombank hơn 490.000 tỷ, BIDV đứng thứ 2 với 266.000 tỷ, ACV đứng thứ 3 với 239.000 tỷ.
Đáng chú ý, tính đến phiên giao dịch ngày 9/8/2024, top 5 doanh nghiệp có vốn hóa lớn nhất thị trường ghi nhận toàn bộ là các doanh nghiệp nhà nước bao gồm Vietcombank, BIDV, ACV, Viettel Global và PV Gas. Đây là lần đầu tiên trong vòng 10 năm qua, bảng xếp hạng top 5 doanh nghiệp có vốn hóa lớn nhất thị trường vắng bóng các doanh nghiệp tư nhân.
Nằm trong số những doanh nghiệp tư nhân lớn nhất cả nước, ngay từ khi lên sàn Vinamilk và Vingroup luôn nằm trong nhóm có vốn hóa cao. Trong giai đoạn 6 năm liền, từ 2015-2022, Vinamilk và Vingroup đã thay nhau đứng vị trí số 1 về vốn hóa.
Từ sau năm 2017, thứ hạng của Vinamilk đã tụt khá sâu khi có nhiều doanh nghiệp mới vươn lên và đến tháng 8 năm nay đã bị out khỏi top 10.
Vingroup hoặc Vinhomes thì vẫn thường xuyên đứng trong top 5 đến năm 2023 trước khi tụt hạng khá sâu trong năm nay.
Top 10 doanh nghiệp có vốn hóa lớn nhất thị trường kể từ năm 2015 - 2024
Nguyên nhân đến từ đà tăng trưởng vượt trội của ACV và Viettel Global trong 6 tháng đầu năm với việc liên tục vượt đỉnh lịch sử đưa giá trị vốn hóa lên cao. Từ top 9 trong cuối năm 2023, Viettel Global đã vươn lên vị trí thứ 3 với giá trị vốn hóa hơn 239.000 tỷ, tăng hơn 95.000 tỷ so với hồi cuối năm ngoái. Lần đầu xuất hiện trong top 10 kể từ năm 2015 tới nay nhưng Viettel Global đứng ở vị trí thứ 4 với vốn hóa gần 193.000 tỷ, tăng hơn 114.000 tỷ đồng trong vòng hơn 8 tháng.
Với việc AI, bán dẫn hay chip... đang trở thành xu hướng của thế giới cùng với kết quả kinh doanh khả quan, trong 6 tháng đầu năm năm 2024, nhóm cổ phiếu công nghệ, đặc biệt là ""họ FPT"" và ""họ Viettel"" đã ghi dấu ấn trên sàn chứng khoán. Bên cạnh Viettel Global, FPT cũng lần đầu tiên tiến vào top 10 doanh nghiệp có vốn hóa lớn nhất trong 10 năm qua. Cụ thể, vốn hóa của FPT tại ngày 9/8 đạt hơn 185.000 tỷ.
Bên cạnh sự vươn lên của các doanh nghiệp trên, 2 doanh nghiệp họ nhà Vin là Vingroup và Vinhomes đã bị tụt khỏi top 5 doanh nghiệp có vốn hóa lớn nhất thị trường sau 6 năm liên tiếp cùng trong top từ 2018 - 2023. Với việc giá cổ phiếu đi xuống so với hồi đầu năm, vốn hóa thị trường của Vinhomes đã giảm 26.000 tỷ và Vingroup đã giảm gần 13.000 tỷ, lần lượt đứng ở vị trí thứ 9 và thứ 10.
Một số doanh nghiệp đã tồn tại trong top 10 vốn hóa liên tục trong 10 năm qua có thể kể đến là Vietcombank, Vingroup, BIDV, PV Gas."
141,(13/08/2024 00:00),CTG: HĐQT thông qua các hợp đồng hạn mức GD trên thị trường liên ngân hàng với Indovina Bank,https://cafef.vn/du-lieu/CTG-2038482/ctg-hdqt-thong-qua-cac-hop-dong-han-muc-gd-tren-thi-truong-lien-ngan-hang-voi-indovina-bank.chn?utm_source=du-lieu,
142,(09/08/2024 00:00),CTG: HĐQT thông qua hợp đồng bảo hiểm sức khỏe Premier VBI Care với VBI,https://cafef.vn/du-lieu/CTG-2037436/ctg-hdqt-thong-qua-hop-dong-bao-hiem-suc-khoe-premier-vbi-care-voi-vbi.chn?utm_source=du-lieu,
143,(02/08/2024 00:00),CTG: HĐQT thông qua phụ lục hợp đồng hợp tác giữa Vietinbank với CTS,https://cafef.vn/du-lieu/CTG-2033849/ctg-hdqt-thong-qua-phu-luc-hop-dong-hop-tac-giua-vietinbank-voi-cts.chn?utm_source=du-lieu,
144,(30/07/2024 00:00),CTG: Báo cáo tình hình quản trị công ty 6 tháng đầu năm 2024,https://cafef.vn/du-lieu/CTG-2032056/ctg-bao-cao-tinh-hinh-quan-tri-cong-ty-6-thang-dau-nam-2024.chn?utm_source=du-lieu,
145,(25/07/2024 00:00),CTG: HĐQT thông qua hợp đồng tư vấn và đại lý về phát hành trái phiếu ra công chúng năm 2024 với CTS,https://cafef.vn/du-lieu/CTG-2028948/ctg-hdqt-thong-qua-hop-dong-tu-van-va-dai-ly-ve-phat-hanh-trai-phieu-ra-cong-chung-nam-2024-voi-cts.chn?utm_source=du-lieu,
146,(23/07/2024 00:00),"CTG: Báo cáo định kỳ tình hình thanh toán gốc, lãi trái phiếu doanh nghiệp 6 tháng đầu năm 2024",https://cafef.vn/du-lieu/CTG-2027481/ctg-bao-cao-dinh-ky-tinh-hinh-thanh-toan-goc-lai-trai-phieu-doanh-nghiep-6-thang-dau-nam-2024.chn?utm_source=du-lieu,
147,(04/07/2024 00:00),"CTG: Nghị quyết HĐQT thông qua phương án phát hành, sử dụng và trả nợ thu được từ các đợt phát hành TP năm 2024",https://cafef.vn/du-lieu/CTG-2019094/ctg-nghi-quyet-hdqt-thong-qua-phuong-an-phat-hanh-su-dung-va-tra-no-thu-duoc-tu-cac-dot-phat-hanh-tp-nam-2024.chn?utm_source=du-lieu,
148,(02/07/2024 00:00),CTG: Nghị quyết HĐQT phê duyệt chủ trương thay đổi địa điểm đặt trụ sở Chi nhánh Ngô Quyền,https://cafef.vn/du-lieu/CTG-2017204/ctg-nghi-quyet-hdqt-phe-duyet-chu-truong-thay-doi-dia-diem-dat-tru-so-chi-nhanh-ngo-quyen.chn?utm_source=du-lieu,
149,(02/07/2024 00:00),CTG: Nghị quyết HĐQT phê duyệt chủ trương thay đổi địa điểm đặt trụ sở Chi nhánh Cần Thơ,https://cafef.vn/du-lieu/CTG-2017206/ctg-nghi-quyet-hdqt-phe-duyet-chu-truong-thay-doi-dia-diem-dat-tru-so-chi-nhanh-can-tho.chn?utm_source=du-lieu,
150,(28/06/2024 00:00),CTG: Nghị quyết HĐQT thông qua hợp đồng giao dịch với Công ty con,https://cafef.vn/du-lieu/CTG-2015196/ctg-nghi-quyet-hdqt-thong-qua-hop-dong-giao-dich-voi-cong-ty-con.chn?utm_source=du-lieu,
151,(26/06/2024 00:00),CTG: Quyết định về việc thay đổi địa điểm Chi nhánh 11 Tp. Hồ Chí Minh,https://cafef.vn/du-lieu/CTG-2014259/ctg-quyet-dinh-ve-viec-thay-doi-dia-diem-chi-nhanh-11-tp-ho-chi-minh.chn?utm_source=du-lieu,
152,(25/06/2024 00:00),CTG: Quy chế tổ chức và hoạt động của HĐQT,https://cafef.vn/du-lieu/CTG-2013645/ctg-quy-che-to-chuc-va-hoat-dong-cua-hdqt.chn?utm_source=du-lieu,
153,(25/06/2024 00:00),CTG: Quy chế tổ chức và hoạt động của BKS,https://cafef.vn/du-lieu/CTG-2013646/ctg-quy-che-to-chuc-va-hoat-dong-cua-bks.chn?utm_source=du-lieu,
154,(25/06/2024 00:00),CTG: Điều lệ công ty sửa đổi 2024,https://cafef.vn/du-lieu/CTG-2013649/ctg-dieu-le-cong-ty-sua-doi-2024.chn?utm_source=du-lieu,
155,(18/06/2024 00:00),CTG: Nghị quyết HĐQT thông qua hợp đồng hạn mức giao dịch với VietinBank Leasing,https://cafef.vn/du-lieu/CTG-2009906/ctg-nghi-quyet-hdqt-thong-qua-hop-dong-han-muc-giao-dich-voi-vietinbank-leasing.chn?utm_source=du-lieu,
156,(06/06/2024 00:00),CTG: Nghị quyết HĐQT phê duyệt phương án phát hành trái phiếu tăng vốn cấp 2 theo hình thức riêng lẻ năm 2024,https://cafef.vn/du-lieu/CTG-2003944/ctg-nghi-quyet-hdqt-phe-duyet-phuong-an-phat-hanh-trai-phieu-tang-von-cap-2-theo-hinh-thuc-rieng-le-nam-2024.chn?utm_source=du-lieu,
157,(31/05/2024 00:00),CTG: HĐQT thông qua hợp đồng ủy quyền bán vàng miếng với VietinBank Gold,https://cafef.vn/du-lieu/CTG-2001386/ctg-hdqt-thong-qua-hop-dong-uy-quyen-ban-vang-mieng-voi-vietinbank-gold.chn?utm_source=du-lieu,
158,(31/05/2024 00:00),CTG: HĐQT thông qua hợp đồng triển khai dịch vụ thu hộ qua tài khoản định danh với CTS,https://cafef.vn/du-lieu/CTG-2001388/ctg-hdqt-thong-qua-hop-dong-trien-khai-dich-vu-thu-ho-qua-tai-khoan-dinh-danh-voi-cts.chn?utm_source=du-lieu,
159,(29/05/2024 00:00),CTG: Nghị quyết HĐQT về việc thay đổi địa điểm CN 11 TP. Hồ Chí Minh,https://cafef.vn/du-lieu/CTG-1999444/ctg-nghi-quyet-hdqt-ve-viec-thay-doi-dia-diem-cn-11-tp-ho-chi-minh.chn?utm_source=du-lieu,
160,(08/05/2024 00:00),"CTG: Nghị quyết HĐQT thông qua Văn bản sửa đổi, bổ sung Hợp đồng đại lý bảo hiểm với VBI",https://cafef.vn/du-lieu/CTG-1989151/ctg-nghi-quyet-hdqt-thong-qua-van-ban-sua-doi-bo-sung-hop-dong-dai-ly-bao-hiem-voi-vbi.chn?utm_source=du-lieu,
161,(03/05/2024 00:00),CTG: Em rể ông Đỗ Thanh Sơn - Phó Tổng giám đốc đã mua 5.000 cp,https://cafef.vn/du-lieu/CTG-1988031/ctg-em-re-ong-do-thanh-son-pho-tong-giam-doc-da-mua-5000-cp.chn?utm_source=du-lieu,
162,(02/05/2024 00:00),CTG: Biên bản họp và Nghị quyết ĐHĐCĐ thường niên năm 2024,https://cafef.vn/du-lieu/CTG-1986513/ctg-bien-ban-hop-va-nghi-quyet-dhdcd-thuong-nien-nam-2024.chn?utm_source=du-lieu,
163,(02/05/2024 00:00),"CTG: Thông báo cập nhật, bổ sung Tài liệu ĐHĐCĐ thường niên năm 2024",https://cafef.vn/du-lieu/CTG-1986551/ctg-thong-bao-cap-nhat-bo-sung-tai-lieu-dhdcd-thuong-nien-nam-2024.chn?utm_source=du-lieu,
164,(02/05/2024 00:00),CTG: Thông báo thay đổi nhân sự nhiệm kỳ 2024-2029,https://cafef.vn/du-lieu/CTG-2010322/ctg-thong-bao-thay-doi-nhan-su-nhiem-ky-20242029.chn?utm_source=du-lieu,
165,(27/04/2024 10:07),"ĐHĐCĐ VietinBank: Bầu HĐQT, BKS nhiệm kỳ mới 2024-2029",https://cafef.vn/dhdcd-vietinbank-bau-hdqt-bks-nhiem-ky-moi-20242029-188240427100752836.chn?utm_source=du-lieu,"Định hướng tăng trưởng giai đoạn 2024-2029
Tại Đại hội năm nay, Hội đồng quản trị (HĐQT) và Ban kiểm soát (BKS) VietinBank sẽ tổng kết hoạt động nhiệm kỳ 2019-2024 và định hướng hoạt động nhiệm kỳ mới 2024-2029.
Cụ thể, định hướng giai đoạn 2024-2029, VietinBank sẽ tăng trưởng tổng tài sản, dư nợ tín dụng, nguồn vốn huy động từ tổ chức kinh tế và dân cư khoảng 9-10%/năm. Bên cạnh đó, mục tiêu ROE ở mức 16-18%, tỷ lệ nợ xấu duy trì dưới 2%. Tỷ lệ an toàn vốn đảm bảo tuân thủ quy định của NHNN theo từng thời kỳ. VietinBank cũng cho biết, mục tiêu định hướng, đề xuất cho giai đoạn 2024-2029 điều chỉnh theo phê duyệt của NHNN trong từng thời kỳ.
Trong giai đoạn 2024-2029, ngân hàng sẽ gia tăng doanh thu bền vững thông qua thúc đẩy vị thế cạnh tranh ở các mảng kinh doanh lõi, đa dạng hóa danh mục, tăng cường khai thác hiệu quả sinh thái và gắn hoạt động kinh doanh với phát triển bền vững. Bên cạnh đó, VietinBank định hướng quản trị hiệu quả chi phí, ứng dụng số hóa để quản trị hiệu quả chi phí hoạt động. Ngân hàng cho biết số hóa toàn diện hoạt động, nâng cao năng suất lao động, cải thiện chất lượng dịch vụ liên tục,…
Riêng năm 2024, VietinBank dự kiến tổng tài sản tăng trưởng 8-10%, tỷ lệ nợ xấu dưới 1,8%. Lợi nhuận trước thuế theo phê duyệt của Cơ quan Nhà nước có thẩm quyền.
Trước đó, giai đoạn 2019-2024, VietinBank ưu tiên tăng trưởng theo hướng an toàn – hiệu quả - bền vững. Tổng tài sản ngân hàng đến hết 2023 đạt hơn 2 triệu tỷ đồng, gấp 1,75 lần năm 2018, tăng trưởng bình quân ở mức 12%/năm. Quy mô tín dụng đạt 1,48 triệu tỷ đồng, gấp 1,66 lần so với năm 2018, tăng trưởng bình quân 11,4%. Nguồn vốn huy động đạt gần 1,53 triệu tỷ đồng, gấp 1,75 lần năm 2018 và tăng trưởng bình quân 12%/năm.
VietinBank nằm trong top các ngân hàng có quy mô lợi nhuận cao giai đoạn 2019-2024, lợi nhuận sau thuế tạo ra trong 5 năm đạt trên 74.500 tỷ đồng, tổng lợi nhuận trước dự phòng rủi ro trong 5 năm đạt trên 185 nghìn tỷ. Riêng trong năm 2023, tổng lợi nhuận trước dự phòng rủi ro đạt hơn 50.100 tỷ đồng, cao nhất từ trước đến nay và nằm trong top đầu các NHTM, gấp 3,5 lần lợi nhuận trước dự phòng rủi ro năm 2018, tương đương tăng trưởng bình quân 28,4%/năm. Tỷ suất sinh lời ROA, ROE năm 2023 lần lượt đạt 1,3% và 17,1%, cao hơn gấp đôi mức ghi nhận trong năm 2018.
Bầu HĐQT, BKS nhiệm kỳ mới 2024-2029
Đại hội cũng tiến hành bầu Hội đồng quản trị và Ban Kiểm soát nhiệm kỳ mới 2024-2029. Cụ thể, ngân hàng thông qua cơ cấu, số lượng thành viên được bầu vào HĐQT nhiệm kỳ 2024-2029 là 11 thành viên, trong đó có 2 thành viên đại diện vốn nước ngoài và 1 thành viên độc lập. Danh sách ứng cử viên bầu vào HĐQT có 9 người: ông Trần Minh Bình, ông Trần Văn Tần, ông Lê Thanh Tùng, ông Nguyễn Thế Huân, bà Phạm Thị Thanh Hoài, ông Nguyễn Đức Thành, ông Cát Quang Dương, ông Koji Iriguchi và ông Takeo Shimotsu. Danh sách này có 2 thành viên mới so với HĐQT hiện tại là ông Cát Quang Dương (trước đây là thành viên HĐQT nhiệm kỳ 2014-2019) và ông Takeo Shimotsu (hiện là Giám đốc điều hành, Phó giám đốc khối kế hoạch ngân hàng MUFG).
Thành viên Ban Kiểm soát nhiệm kỳ mới 2024-2029 dự kiến có 5 thành viên song trước mắt tại ĐHĐCĐ thường niên 2024 ngân hàng bầu 3 thành viên. Ba thành viên thuộc nhiệm kỳ hiện tại 2019-2024 tiếp tục được đề cử vào nhiệm kỳ mới: Bà Lê Anh Hà (Trưởng BKS), bà Nguyễn Thị Anh Thư (thành viên BKS), bà Phạm Thị Thơm (thành viên BKS).
Giữ lại lợi nhuận để chia cổ tức bằng cổ phiếu
Tại Đại hội, ngân hàng trình cổ đông thông qua phương án phân phối lợi nhuận năm 2023. VietinBank cho biết, lợi nhuận riêng lẻ sau thuế năm 2023 là 19.456 tỷ đồng. Sau khi trích lập các quỹ bắt buộc và quỹ khen thưởng, phúc lợi, lợi nhuận còn lại năm 2023 là 13.927 tỷ đồng. VietinBank đề xuất dùng toàn bộ lợi nhuận còn lại để chia cổ tức bằng cổ phiếu.
Được biết trước đó, ĐHĐCĐ thường niên năm 2023 của VietinBank cũng đã thông qua việc dùng toàn bộ lợi nhuận còn lại năm 2022 (11.521 tỷ đồng) để chia cổ tức bằng cổ phiếu, tuy nhiên đến nay kế hoạch này chưa được triển khai.
Hiện vốn điều lệ của VietinBank ở mức 53.700 tỷ đồng. Như vậy, nếu được giữ lại lợi nhuận năm 2022-2023 để chia cổ tức bằng cổ phiếu, vốn điều lệ của ngân hàng sẽ tăng lên 79.148 tỷ đồng.
Phần thảo luận:
Cổ đông: Lãnh đạo ngân hàng có thể chia sẻ cụ thể hơn về kế hoạch kinh doanh cũng như giải pháp để đạt được. Dự báo NIM, nợ xấu,... năm nay như thế nào?
Ông Trần Minh Bình - Chủ tịch HĐQT: Những năm gần đây, VietinBank chủ động lên kế hoạch kinh doanh từ sớm. Theo truyền thống thông thường thì khi có kết quả năm tài chính mới lên kế hoạch năm tiếp theo, nhưng chúng tôi lên chủ động bắt đầu lập kế hoạch từ tháng 9, tháng 10 dựa trên nghiên cứu thị trường, ý kiến của các chuyên gia để xây dựng các kịch bản, đưa ra các thông số mô hình để đưa ra kế hoạch. Vì vậy nên khả năng thực hiện kế hoạch kinh doanh của VietinBank rất cao.
Về tăng trưởng tín dụng, mặc dù năm 2024 tiếp tục là một năm khó khăn với toàn ngành, cũng có nhiều ngân hàng sụt giảm trong quý 1 nhưng hiện VietinBank vẫn có tăng trưởng tốt. Quý 1, tốc độ tăng trưởng của chúng ta khoảng 3,7%, đến hiện tại hơn 4,1%. Đặc biệt, tốc độ tăng trưởng bền vững, chắc chắn, không có yếu tố kỹ thuật.
Về NIM, chúng tôi cũng sẽ cố gắng giữ được như năm 2023 hoặc cải thiện. VietinBank cũng phấn đấu tăng trưởng CASA cao hơn. Đối với CIR (Chi phí hoạt động/ Tổng thu nhập hoạt động), do năm nay đầu tư chuyển đổi số tiếp tục được đẩy mạnh nên dự kiến tỷ lệ CIR có thể tăng so với năm ngoái lên 30%. Tuy nhiên đây vẫn là mức rất thấp trên thị trường.
Về nợ xấu, chúng tôi tự tin kiểm soát tốt chất lượng tài sản và dự kiến tăng cường trích lập để tăng tỷ lệ bao phủ nợ xấu lên. Chúng tôi đánh giá, năm 2024 có thể còn khó khăn hơn 2023 và 2025 chưa biết thế nào, do đó cần phải thận trọng để khi có diễn biến khó khăn xảy ra thì chúng ta chủ động xử lý được.
Cổ đông: VietinBank dự báo như thế nào về nợ xấu, nợ tiềm ẩn của ngành ngân hàng năm 2024? Ngân hàng đánh giá như thế nào về nợ nhóm 2, nợ xấu năm 2024? Kịch bản trích lập dự phòng của ngân hàng?
Năm 2024, trên cơ sở đánh giá ngành ngân hàng vẫn chịu áp lực gia tăng nợ xấu vì nền kinh tế còn nhiều điều khó dự báo, chịu tác động của kinh tế thế giới. Trong nội tại của chúng ta, đặc biệt là ngành BĐS còn nhiều áp lực, do đó áp lực gia tăng nợ xấu năm 2024 là có. VietinBank cũng đã đề xuất cơ chế giãn nợ, cơ cấu nợ cho khách hàng đến hết năm 2024 giúp cho ngành ngân hàng đối phó với nguy cơ nợ xấu gia tăng.
Năm 2023, tỷ lệ nợ xấu của VietinBank là 1,13%. Nợ nhóm 2 là 1,55%. Năm 2024, chúng tôi sẽ kiểm soát nợ xấu dưới 1,8%, nợ nhóm 2 dưới 3%. Chúng tôi hết sức thận trọng khi nhận định về xu hướng nợ xấu. Về trích lập dự phòng sẽ dựa theo kịch bản chất lượng nợ, căn cứ theo chuẩn mực phân loại nợ và quan điểm tăng cường trích lập thận trọng nhất có thể.
Đại hội thông qua tất cả các tờ trình."
166,(24/04/2024 00:00),CTG: Miễn nhiệm bà Trần Thu Huyền - thành viên HĐQT từ 23.4.2024,https://cafef.vn/du-lieu/CTG-1982689/ctg-mien-nhiem-ba-tran-thu-huyen-thanh-vien-hdqt-tu-2342024.chn?utm_source=du-lieu,
167,(23/04/2024 00:00),CTG: Thông báo ký hợp đồng kiểm toán BCTC 2024,https://cafef.vn/du-lieu/CTG-1982019/ctg-thong-bao-ky-hop-dong-kiem-toan-bctc-2024.chn?utm_source=du-lieu,
168,(17/04/2024 00:00),CTG: Quyết định thay đổi địa điểm trụ sở chi nhánh KCN Trảng Bàng,https://cafef.vn/du-lieu/CTG-1979021/ctg-quyet-dinh-thay-doi-dia-diem-tru-so-chi-nhanh-kcn-trang-bang.chn?utm_source=du-lieu,
169,(08/04/2024 16:34),VietinBank hé lộ kế hoạch chia cổ tức trong năm 2024,https://cafef.vn/vietinbank-he-lo-ke-hoach-chia-co-tuc-trong-nam-2024-188240408163452302.chn?utm_source=du-lieu,"Tại Đại hội năm nay, Hội đồng quản trị (HĐQT) và Ban kiểm soát (BKS) VietinBank sẽ tổng kết hoạt động nhiệm kỳ 2019-2024 và định hướng hoạt động nhiệm kỳ mới 2024-2029. Ngân hàng cũng sẽ bầu thành viên HĐQT và BKS nhiệm kỳ mới.
Định hướng giai đoạn 2024-2029, VietinBank sẽ tăng trưởng tổng tài sản, dư nợ tín dụng, nguồn vốn huy động từ tổ chức kinh tế và dân cư khoảng 9-10%/năm. Bên cạnh đó, mục tiêu ROE ở mức 16-18%, tỷ lệ nợ xấu duy trì dưới 2%. Tỷ lệ an toàn vốn đảm bảo tuân thủ quy định của NHNN theo từng thời kỳ. VietinBank cũng cho biết, mục tiêu định hướng, đề xuất cho giai đoạn 2024-2029 điều chỉnh theo phê duyệt của NHNN trong từng thời kỳ.
Trong giai đoạn 2024-2029, ngân hàng sẽ gia tăng doanh thu bền vững thông qua thúc đẩy vị thế cạnh tranh ở các mảng kinh doanh lõi, đa dạng hóa danh mục, tăng cường khai thác hiệu quả sinh thái và gắn hoạt động kinh doanh với phát triển bền vững. Bên cạnh đó, VietinBank định hướng quản trị hiệu quả chi phí, ứng dụng số hóa để quản trị hiệu quả chi phí hoạt động. Ngân hàng cho biết số hóa toàn diện hoạt động, nâng cao năng suất lao động, cải thiện chất lượng dịch vụ liên tục,…
Riêng năm 2024, VietinBank dự kiến tổng tài sản tăng trưởng 8-10%, tỷ lệ nợ xấu dưới 1,8%. Lợi nhuận trước thuế theo phê duyệt của Cơ quan Nhà nước có thẩm quyền. Trước đó, năm 2023, ngân hàng hoàn thành toàn bộ chỉ tiêu kinh doanh, trong đó, lợi nhuận trước thuế riêng lẻ đạt 24.194 tỷ đồng, vượt kế hoạch 22.500 tỷ đồng. Lợi nhuận trước thuế hợp nhất đạt 24.990 tỷ đồng.
Tại Đại hội, ngân hàng sẽ trình cổ đông thông qua phương án phân phối lợi nhuận năm 2023. VietinBank cho biết, lợi nhuận riêng lẻ sau thuế năm 2023 là 19.456 tỷ đồng. Sau khi trích lập các quỹ bắt buộc và quỹ khen thưởng, phục lợi, lợi nhuận còn lại năm 2023 là 13.927 tỷ đồng. VietinBank đề xuất dùng toàn bộ lợi nhuận còn lại để chia cổ tức bằng cổ phiếu.
Được biết trước đó, ĐHĐCĐ thường niên năm 2023 của VietinBank cũng đã thông qua việc dùng toàn bộ lợi nhuận còn lại năm 2022 (11.521 tỷ đồng) để chia cổ tức bằng cổ phiếu.
Hiện vốn điều lệ của VietinBank ở mức 53.700 tỷ đồng. Nếu được giữ lại lợi nhuận năm 2022-2023 để chia cổ tức bằng cổ phiếu, vốn điều lệ của ngân hàng sẽ tăng lên 79.148 tỷ đồng.
Theo VietinBank, các kênh tăng vốn của ngân hàng đã khai thác tối đa giới hạn theo quy định. Thời gian qua, việc tăng vốn tự có của VietinBank gặp nhiều khó khăn do tỷ lệ sở hữu nhà nước tại VietinBank đã chạm ngưỡng 64,5% và tổng số vốn cần bổ sung là khá lớn trong khi nguồn lực Nhà nước có thể được sử dụng để tăng vốn cũng còn hạn chế. Việc giữ lại lợi nhuận thông qua chia cổ tức bằng cổ phiếu phụ thuộc lớn vào tình hình cân đối ngân sách hàng năm của Bộ Tài chính. Trong các năm qua, để phục vụ tăng trưởng hoạt động kinh doanh và đảm bảo tỷ lệ an toàn vốn, VietinBank đã phải thực hiện đồng bộ các giải pháp như cơ cấu lại danh mục tài sản có rủi ro, đa dạng hóa cơ cấu thu nhập, cơ cấu danh mục đầu tư góp vốn cổ phần, phát hành trái phiếu thứ cấp tăng vốn cấp 2,…tuy nhiên tăng vốn nhằm đáp ứng tối đa quy mô tăng trưởng vẫn là một khó khăn với VietinBank.
Tại Hội nghị triển khai nhiệm vụ ngân hàng hồi đầu năm 2024, Chủ tịch HĐQT VietinBank Trần Minh Bình tiếp tục kiến nghị tạo điều kiện cho VietinBank cũng như các NHTM Nhà nước tăng vốn, nâng cao năng lực tài chính. Hiện tại VietinBank đã nhận được ý kiến của NHNN và Bộ Tài chính cho phép giữ lại toàn bộ lợi nhuận năm 2022 để tăng vốn thông qua chia cổ tức bằng cổ phiếu. Trên cơ sở đó, VietinBank đề xuất các Cơ quan có thẩm quyền cho phép ngân hàng được giữ lại toàn bộ lợi nhuận năm 2023 để tăng vốn; Phê duyệt chủ trương cho phép VietinBank được giữ lại toàn bộ lợi nhuận hàng năm của giai đoạn 2024-2028 để tăng vốn, nâng cao năng lực tài chính, mở rộng dư địa tăng trưởng tín dụng."
170,(05/04/2024 00:00),CTG: Tài liệu họp ĐHĐCĐ thường niên năm 2024 và nhiệm kỳ 2024-2029,https://cafef.vn/du-lieu/CTG-1972074/ctg-tai-lieu-hop-dhdcd-thuong-nien-nam-2024-va-nhiem-ky-20242029.chn?utm_source=du-lieu,
171,(28/03/2024 15:15),"VietinBank chuẩn bị bầu HĐQT, BKS nhiệm kỳ mới 2024-2029",https://cafef.vn/vietinbank-chuan-bi-bau-hdqt-bks-nhiem-ky-moi-20242029-188240328151531754.chn?utm_source=du-lieu,"Ngày 26/3 vừa qua, Ngân hàng TMCP Công Thương Việt Nam (VietinBank – CTG) đã chốt danh sách cổ đông để thực hiện quyền tham dự Đại hội đồng cổ đông thường niên năm 2024. Đại hội dự kiến diễn ra vào ngày 27/4/2024.
Tại cuộc họp, ngân hàng sẽ tổng kết hoạt động nhiệm kỳ 2019 - 2024 và định hướng hoạt động nhiệm kỳ 2024 – 2029, trình cổ đông thông qua kế hoạch kinh doanh năm 2024, phương án phân phối lợi nhuận năm 2023, thông qua mức thù lao đối với Hội đồng quản trị và Ban kiểm soát năm 2024,…
Tuy chưa công bố nội dung tờ trình phân phối lợi nhuận nhưng nhiều khả năng VietinBank sẽ đề xuất giữ lại lợi nhuận để tăng vốn. Trước đó, tại Hội nghị ngành ngân hàng đầu năm 2024, Chủ tịch HĐQT VietinBank kiến nghị tạo điều kiện cho VietinBank cũng như các NHTM Nhà nước tăng vốn, nâng cao năng lực tài chính. Hiện tại VietinBank đã nhận được ý kiến của NHNN và Bộ Tài chính cho phép giữ lại toàn bộ lợi nhuận năm 2022 để tăng vốn thông qua chia cổ tức bằng cổ phiếu. Trên cơ sở đó, VietinBank đề xuất các Cơ quan có thẩm quyền cho phép ngân hàng được giữ lại toàn bộ lợi nhuận năm 2023 để tăng vốn; Phê duyệt chủ trương cho phép VietinBank được giữ lại toàn bộ lợi nhuận hàng năm của giai đoạn 2024-2028 để tăng vốn, nâng cao năng lực tài chính, mở rộng dư địa tăng trưởng tín dụng.
Đáng chú ý, VietinBank sẽ tiến hành bầu thành viên HĐQT và BKS nhiệm kỳ mới 2024-2029. Hiện HĐQT VietinBank có 10 thành viên, trong đó Chủ tịch HĐQT là ông Trần Minh Bình. Ban Kiểm soát hiện có 3 thành viên, trong đó là Lê Anh Hà là Trưởng Ban.
Về hoạt động kinh doanh năm 2023, VietinBank ghi nhận nhiều kết quả tích cực và đã hoàn thành các chỉ tiêu kinh doanh đặt ra. Trong đó, tổng tài sản tăng 12,4% so với năm 2022, vượt 2 triệu tỷ đồng. Dư nợ cho vay khách hàng tăng 15,6%, đạt hơn 1,47 triệu tỷ đồng. Tiền gửi khách hàng tăng 12,9% và đạt hơn 1,4 triệu tỷ đồng. Lợi nhuận trước thuế riêng lẻ của VietinBank năm 2023 đạt hơn 24.300 tỷ đồng, vượt mục tiêu. Lợi nhuận trước thuế hợp nhất ngân hàng đạt hơn 25.100 tỷ đồng.
VietinBank tiếp tục kiểm soát chặt chẽ chất lượng tài sản với tỷ lệ nợ xấu cuối năm 2023 chỉ 1,13%, thấp hơn mức 1,24% cuối năm 2022. Tỷ lệ bao phủ nợ xấu duy trì ở mức cao 167%.
Các chỉ số hiệu quả hoạt động cũng ở mức tích cực. Trong đó, tỷ lệ CIR (chi phí hoạt động/thu nhập) ở mức 28,9%, thấp hơn so với 29,9% của năm 2022."
172,(28/03/2024 00:00),CTG: Miễn nhiệm ông Hoàng Ngọc Phương - Phó Tổng giám đốc từ 28.3.2024,https://cafef.vn/du-lieu/CTG-1968944/ctg-mien-nhiem-ong-hoang-ngoc-phuong-pho-tong-giam-doc-tu-2832024.chn?utm_source=du-lieu,
173,(25/03/2024 00:00),CTG: Bổ nhiệm ông Trần Minh Đức phụ trách quản trị kiêm Thư ký công ty từ 22.3.2024,https://cafef.vn/du-lieu/CTG-1965496/ctg-bo-nhiem-ong-tran-minh-duc-phu-trach-quan-tri-kiem-thu-ky-cong-ty-tu-2232024.chn?utm_source=du-lieu,
174,(22/03/2024 00:00),"CTG: HĐQT thông qua hợp đồng cấp bảo lãnh, hợp đồng thế chấp tài sản và hợp đồng cầm cố giấy tờ có giá với VBI",https://cafef.vn/du-lieu/CTG-1964615/ctg-hdqt-thong-qua-hop-dong-cap-bao-lanh-hop-dong-the-chap-tai-san-va-hop-dong-cam-co-giay-to-co-gia-voi-vbi.chn?utm_source=du-lieu,
175,(22/03/2024 00:00),CTG: Quyết định của HĐQT về việc thay đổi địa điểm trụ sở Chi nhánh Lưu Xá,https://cafef.vn/du-lieu/CTG-1964685/ctg-quyet-dinh-cua-hdqt-ve-viec-thay-doi-dia-diem-tru-so-chi-nhanh-luu-xa.chn?utm_source=du-lieu,
176,(20/03/2024 00:00),CTG: Nghị quyết HĐQT phê duyệt chủ trương thay đổi địa điểm đặt trụ sở Chi nhánh Lưu Xá,https://cafef.vn/du-lieu/CTG-1962925/ctg-nghi-quyet-hdqt-phe-duyet-chu-truong-thay-doi-dia-diem-dat-tru-so-chi-nhanh-luu-xa.chn?utm_source=du-lieu,
177,(15/03/2024 00:00),CTG: Nghị quyết HĐQT phê duyệt chủ trương thay đổi địa điểm trụ sở chi nhánh Tây Thăng Long,https://cafef.vn/du-lieu/CTG-1960437/ctg-nghi-quyet-hdqt-phe-duyet-chu-truong-thay-doi-dia-diem-tru-so-chi-nhanh-tay-thang-long.chn?utm_source=du-lieu,
178,(12/03/2024 00:00),"CTG: 25.3.2024, ngày GDKHQ tham dự ĐHCĐ thường niên năm 2024 và nhiệm kỳ 2024-2029",https://cafef.vn/du-lieu/CTG-1958541/ctg-2532024-ngay-gdkhq-tham-du-dhcd-thuong-nien-nam-2024-va-nhiem-ky-20242029.chn?utm_source=du-lieu,
179,(08/03/2024 00:00),"CTG: Nghị quyết HĐQT phê duyệt chiến lược phát triển giai đoạn 2021-2025, tầm nhìn đến năm 2030",https://cafef.vn/du-lieu/CTG-1956793/ctg-nghi-quyet-hdqt-phe-duyet-chien-luoc-phat-trien-giai-doan-20212025-tam-nhin-den-nam-2030.chn?utm_source=du-lieu,
180,(07/03/2024 00:00),CTG: HĐQT thông qua hợp đồng hạn mức giao dịch ngoại tệ với Vietinbank Lào,https://cafef.vn/du-lieu/CTG-1956955/ctg-hdqt-thong-qua-hop-dong-han-muc-giao-dich-ngoai-te-voi-vietinbank-lao.chn?utm_source=du-lieu,
181,(07/03/2024 00:00),CTG: Quyết định của TGĐ về việc thay đổi tên Chi nhánh Vân Đồn,https://cafef.vn/du-lieu/CTG-1956957/ctg-quyet-dinh-cua-tgd-ve-viec-thay-doi-ten-chi-nhanh-van-don.chn?utm_source=du-lieu,
182,(05/03/2024 00:00),CTG: Nghị quyết HĐQT tổ chức ĐHĐCĐ thường niên 2024,https://cafef.vn/du-lieu/CTG-1954781/ctg-nghi-quyet-hdqt-to-chuc-dhdcd-thuong-nien-2024.chn?utm_source=du-lieu,
183,(28/02/2024 00:02),"Tổng vốn hóa “Big 3” ngân hàng Vietcombank, BIDV và VietinBank vượt 1 triệu tỷ đồng, chiếm 1/5 giá trị toàn sàn HoSE",https://cafef.vn/tong-von-hoa-big-3-ngan-hang-vietcombank-bidv-va-vietinbank-vuot-1-trieu-ty-dong-chiem-15-gia-tri-toan-san-hose-188240227210619135.chn?utm_source=du-lieu,"Thị trường chứng khoán Việt Nam đang ""băng băng"" tiến về vùng đỉnh 17 tháng với sự dẫn dắt của nhóm cổ phiếu ngân hàng, đặc biệt là ""Big 3"" Vietcombank, BIDV và VietinBank. Phiên 27/2 vừa qua, cổ phiếu VCB của Vietcombank tăng 1,79% lên mức 91.100 đồng/cp, qua đó song hành cùng HPG kéo VN-Index bứt phá mạnh.
Cú bứt phá đẩy giá trị vốn hóa của Vietcombank lên hơn 509.000 tỷ đồng (21 tỷ USD), tiếp tục củng cố vị trí số 1 toàn sàn chứng khoán. Con số này cao hơn 60.400 tỷ (2,5 tỷ USD) so với thời điểm đầu năm 2024 nhưng vẫn thấp hơn đôi chút so với mức kỷ lục từng đạt được vào cuối tháng 7 năm ngoái. Đến nay, Vietcombank vẫn là cái tên duy nhất trong lịch sử chứng khoán Việt Nam vượt ngưỡng nửa triệu tỷ vốn hóa.
Tương tự, cổ phiếu CTG của VietinBank cũng vừa có phiên tăng điểm khởi sắc qua đó tiến sát đến đỉnh lịch sử đạt được hồi giữa năm 2021. Giá trị vốn hóa của nhà băng này cũng theo đó tăng lên trên 194.000 tỷ đồng (8 tỷ USD), cao hơn khoảng 48.600 tỷ (2 tỷ USD) so với đầu năm 2024. Con số này đưa VietinBank đứng vị trí thứ 3 trong danh sách những cái tên giá trị nhất toàn sàn chứng khoán.
Chiều ngược lại, cổ phiếu BID của BIDV vừa có phiên điều chỉnh nhẹ sau khi lập đỉnh lịch sử và đang dừng ở mức 53.000 đồng/cp. Giá trị vốn hóa của ngân hàng tương ứng đạt hơn 302.000 tỷ đồng (12,5 tỷ USD), tăng khoảng 54.700 tỷ (2,3 tỷ USD) so với đầu năm 2024. Nếu tính từ khi bắt đầu nổi sóng đầu tháng 11 năm ngoái, vốn hóa của BIDV đã tăng thêm gần 100.000 tỷ đồng.
Như vậy, tổng vốn hóa của 3 ngân hàng Vietcombank, BIDV và VietinBank tính đến thời điểm hiện tại đã vượt 1 triệu tỷ đồng, tương đương khoảng 1/5 tổng giá trị toàn sàn HoSE. Đây là một kỷ lục vô tiền khoáng hậu trong lịch sử chứng khoán Việt Nam.
Câu chuyện tăng vốn
Một điểm chung của ""Big 3"" ngân hàng là đều đang có kế hoạch tăng vốn. Mới đây nhất, HĐQT VietinBank đưa ra quyết định thông qua phương án phân phối lợi nhuận năm 2022 với lợi nhuận còn lại sau khi trích các quỹ bắt buộc và quỹ khen thưởng phúc lợi là 11.648 tỷ đồng. Theo phê duyệt của cơ quan Nhà nước có thẩm quyền, ngân hàng sẽ dùng toàn bộ lợi nhuận còn lại này để chia cổ tức bằng cổ phiếu. Nếu thực hiện thành công, vốn điều lệ của VietinBank sẽ tăng từ 53.700 tỷ lên mức 65.300 tỷ đồng.
Tương tự, Vietcombank cũng đã công bố kế hoạch tổ chức Đại hội đồng cổ đông thường niên 2024 dự kiến diễn ra ngày 26/4, trong đó có nội dung đáng chú ý liên quan đến phương án tăng vốn điều lệ từ nguồn lợi nhuận còn lại năm 2022. Trước đó, ĐHĐCĐ thường niên 2023 của ngân hàng đã thông qua kế hoạch chi trả cổ tức bằng cổ phiếu từ toàn bộ lợi nhuận sau thuế của năm 2022 (hơn 21.000 tỷ). Trong năm 2023, Vietcombank đã hoàn thành tăng vốn từ lợi nhuận 2020 và lợi nhuận còn lại năm 2019 với tỷ lệ 18,1%, đưa vốn điều lệ lên gần 56.000 tỷ đồng.
Với BIDV, báo cáo mới đây của Chứng khoán Vietcap cũng nhận định thương vụ bán vốn của nhà băng này sẽ là điểm sáng của ngành ngân hàng trong năm 2024. Trước đó, ĐHĐCĐ thường niên 2023 đã thông qua phương án phát hành hơn 1 tỷ cổ phiếu, bao gồm gần 642 triệu cổ phiếu để trả cổ tức năm 2021 và phần còn lại là phát hành thêm cổ phiếu theo hình thức chào bán ra công chúng hoặc chào bán riêng lẻ (455 triệu cổ phiếu). Hồi cuối năm 2023, BIDV đã phát hành gần 642 triệu cổ phiếu để trả cổ tức năm 2021.
Theo Vietcap, một trong những nguyên nhân khiến BIDV chưa thực hiện được việc bán vốn trong năm 2023 vừa qua là do điều kiện kinh tế chưa cho phép. Với kỳ vọng kinh tế phục hồi trong năm 2024, cộng thêm môi trường lãi suất thấp, nhóm phân tích kỳ vọng hoạt động huy động vốn từ phát hành cổ phiếu có thể thành công.
Trong báo cáo chiến lược 2024, SSI Research đánh giá những ngân hàng có khả năng tăng vốn sớm hơn sẽ có điều kiện tốt hơn để đẩy nhanh quá trình xử lý nợ xấu, giành thêm thị phần và đạt kết quả khả quan hơn so với các ngân hàng khác.
Đầu xuôi, đuôi có lọt?
Nhìn chung, dù có hay không có câu chuyện tăng vốn hỗ trợ, cổ phiếu nhóm ngân hàng vẫn có khởi đầu năm 2024 tương đối suôn sẻ. Tính từ đầu năm đến nay, gần như toàn bộ cổ phiếu ngân hàng (ngoại trừ SSB, EIB) đều tăng giá, phần lớn trên 2 chữ số. Thậm chí, một số cái tên như CTG, TCB, MBB, BID,… còn tăng rất mạnh trên 20% sau chưa đầy 2 tháng.
Đầu xuôi nhưng đuôi có lọt hay không vẫn còn là một dấu hỏi khi ngành ngân hàng được dự báo sẽ có nhiều cơ hội và thách thức đan xen trong năm 2024. Theo ước tính của SSI Research, lợi nhuận trước thuế (LNTT) năm 2024 của các ngân hàng thuộc phạm vi nghiên cứu của bộ phận phân tích này dự kiến tăng trưởng 16,5% so với cùng kỳ năm trước. Con số này cao hơn so với mức 5,2% trong năm 2023.
Về chất lượng tài sản, SSI Research cho rằng tình hình chung của các ngân hàng sẽ có sự cải thiện so với năm 2023, phần lớn là nhờ vào chi phí vốn đã giảm về mức thấp hơn nhiều so với 2023 và lợi nhuận trước dự phòng (PPOP) có sự cải thiện giúp các ngân hàng có dư địa để tạo một bộ đệm dự phòng tốt hơn.
Tỷ lệ nợ xấu có thể sẽ tăng trở lại trong nửa đầu năm 2024 khi tăng trưởng tín dụng chậm lại và các yếu tố vĩ mô chưa có dấu hiệu cải thiện rõ rệt. Tuy nhiên, tỷ lệ nợ xấu cuối năm 2024 được dự báo sẽ giảm nhẹ so với năm 2023 (1,63% so với 1,68%), do cuối năm dự kiến các ngân hàng sẽ đẩy mạnh xóa nợ xấu và nền kinh tế phục hồi mạnh hơn.
Mặt khác, các khoản nợ có vấn đề (bao gồm các khoản nợ Nhóm 2, các khoản vay tái cơ cấu, trái phiếu doanh nghiệp quá hạn và các khoản vay cũ) vẫn tiếp tục cần được giám sát chặt chẽ. Bên cạnh đó, nếu dự thảo sửa đổi Thông tư 16 nới lỏng việc hạn chế đầu tư trái phiếu doanh nghiệp của ngân hàng được thông qua, không loại trừ khả năng một phần rủi ro tín dụng sẽ quay trở lại đối với các ngân hàng tích cực mua lại trái phiếu doanh nghiệp."
184,(23/02/2024 00:00),CTG: Nghị quyết HĐQT thông qua phương án phân phối lợi nhuận năm 2022,https://cafef.vn/du-lieu/CTG-1949590/ctg-nghi-quyet-hdqt-thong-qua-phuong-an-phan-phoi-loi-nhuan-nam-2022.chn?utm_source=du-lieu,
185,(01/02/2024 00:00),CTG: HĐQT thông qua văn bản sửa đổi hợp đồng kết nối với Vietinbank Capital,https://cafef.vn/du-lieu/CTG-1941241/ctg-hdqt-thong-qua-van-ban-sua-doi-hop-dong-ket-noi-voi-vietinbank-capital.chn?utm_source=du-lieu,
186,(31/01/2024 15:03),"VietinBank bão lãi trước thuế năm 2023 hơn 25.000 tỷ đồng, tổng tài sản vượt 2 triệu tỷ, CASA lọt Top 5 toàn ngành",https://cafef.vn/vietinbank-bao-lai-truoc-thue-nam-2023-hon-25000-ty-dong-tong-tai-san-vuot-2-trieu-ty-casa-lot-top-5-toan-nganh-188240131152354292.chn?utm_source=du-lieu,"Ngân hàng TMCP Công thương Việt Nam (VietinBank – mã: CTG) vừa công bố báo cáo tài chính hợp nhất quý 4/2023.
Quý 4/2023, ngân hàng ghi nhận lợi nhuận trước thuế hợp nhất đạt 7.699 tỷ đồng, tăng 43,4% so với quý 4/2022. Với động lực tăng trưởng chính là thu nhập lãi thuần, VietinBank ghi nhận tổng thu nhập hoạt động quý 4 đạt 18.475 tỷ đồng, tăng 10,1% so với cùng kỳ. Trong khi đó, chi phí hoạt động chỉ tăng 0,8% lên 6.304 tỷ đồng, chi phí dự phòng rủi ro giảm 13,3% xuống 4.473 tỷ đồng.
Lũy kế cả năm 2023, tổng thu nhập hoạt động của nhà băng này đạt 70.658 tỷ đồng, tăng 10,2% so với năm 2022. Trong khi đó, chi phí hoạt động tăng nhẹ hơn, chỉ tăng 6,5% lên 20.443 tỷ đồng. Theo đó, tỷ lệ CIR (chi phí hoạt động/tổng thu nhập) tiếp tục được cải thiện từ 29,9% xuống 28,9%. Đây là một trong những ngân hàng có tỷ lệ CIR thấp nhất hiện nay.
Hầu hết các mảng kinh doanh của VietinBank đều có tăng trưởng tích cực trong năm qua. Trong đó, thu nhập lãi thuần đạt 53.083 tỷ đồng, tăng 11%. Lãi từ hoạt động dịch vụ đạt 7.154 tỷ đồng, tăng 22%. Lãi từ kinh doanh ngoại hối đạt 4.248 tỷ đồng, tăng 19,5%. Hoạt động mua bán chứng khoán kinh doanh có lãi 292 tỷ đồng, đối lập với năm trước đó bị lỗ 112 tỷ đồng.
Tuy nhiên, hoạt động mua bán chứng khoán đầu tư lại kém khả quan, bị lỗ 154 tỷ đồng. Hoạt động khác (chủ yếu là xử lý nợ) có lãi thuần 5.747 tỷ đồng, giảm 12% so với năm trước đó. Thu nhập từ góp vốn, mua cổ phần giảm 43,9% còn 287 tỷ đồng.
Tuy chi phí dự phòng rủi ro trong quý 4 giảm so với cùng kỳ nhưng do 3 quý trước tăng cường trích lập nên tổng chi phí dự phòng cả năm của VietinBank lên tới 25.115 tỷ đồng, tăng 5,6% so với năm 2022. Chi phí dự phòng ""ngốn"" đến gần một nửa lợi nhuận thuần từ hoạt động kinh doanh của VietinBank.
Theo đó, lợi nhuận trước thuế VietinBank năm 2023 đạt 25.100 tỷ đồng, tăng 18,8% so với cùng kỳ và hoàn thành kế hoạch kinh doanh. Ngân hàng đứng vị trí thứ 5 trong bảng xếp hạng lợi nhuận năm vừa qua của toàn ngành.
Tại ngày 31/12/2023, tổng tài sản VietinBank vượt 2 triệu tỷ đồng, tăng 12,4% so với cuối năm 2022. VietinBank là ngân hàng thứ ba, sau BIDV và Agribank đạt được mốc 2 triệu tỷ đồng.
Dư nợ cho vay khách hàng tăng 15,6% trong năm qua và đạt hơn 1,47 triệu tỷ đồng. Tăng trưởng tín dụng của VietinBank khá đồng đều giữa các quý, riêng quý 4 bứt phá hơn với mức tăng trưởng 6,28%. Dư nợ ngắn hạn tăng mạnh trong năm qua (tăng 24,5%), đạt 961.733 tỷ đồng.
Tiền gửi khách hàng VietinBank tăng 12,9%, đạt hơn 1,4 triệu tỷ đồng. Trong đó, tiền gửi không kỳ hạn tăng 27,6%, đạt gần 311 nghìn tỷ đồng. Tỷ lệ CASA (tiền gửi không kỳ hạn) được cải thiện mạnh từ 20% lên 22,5%.  Theo dữ liệu có được, CASA của VietinBank chính thức lọt vào Top 5 toàn ngành.
Nợ xấu cuối năm 2023 của VietinBank là 16.608 tỷ đồng, tăng 784 tỷ đồng so với cuối năm 2022 nhưng đã giảm mạnh 2.332 tỷ đồng so với cuối tháng 9/2023. Theo đó, tỷ lệ nợ xấu được cải thiện, chỉ còn 1,13%, thấp hơn mức 1,24% cuối năm 2022 và 1,37% cuối tháng 9/2023."
187,(31/01/2024 00:00),CTG: Điều chỉnh hồi tố số liệu BCTC kiểm toán năm 2022 theo kiểm toán nhà nước,https://cafef.vn/du-lieu/CTG-1940349/ctg-dieu-chinh-hoi-to-so-lieu-bctc-kiem-toan-nam-2022-theo-kiem-toan-nha-nuoc.chn?utm_source=du-lieu,
188,(29/01/2024 00:00),"CTG: Báo cáo định kỳ tình hình thanh toán gốc, lãi TPDN phát hành ra công chúng",https://cafef.vn/du-lieu/CTG-1940311/ctg-bao-cao-dinh-ky-tinh-hinh-thanh-toan-goc-lai-tpdn-phat-hanh-ra-cong-chung.chn?utm_source=du-lieu,
189,(22/01/2024 00:00),CTG: Báo cáo tiến độ sử dụng vốn thu được từ đợt chào bán trái phiếu ra công chúng trong năm 2023,https://cafef.vn/du-lieu/CTG-1934407/ctg-bao-cao-tien-do-su-dung-von-thu-duoc-tu-dot-chao-ban-trai-phieu-ra-cong-chung-trong-nam-2023.chn?utm_source=du-lieu,
190,(12/01/2024 00:00),CTG: Thông báo của HSX về việc giao dịch cổ phiếu thay đổi đăng ký niêm yết,https://cafef.vn/du-lieu/CTG-1929389/ctg-thong-bao-cua-hsx-ve-viec-giao-dich-co-phieu-thay-doi-dang-ky-niem-yet.chn?utm_source=du-lieu,
191,(11/01/2024 00:00),CTG: Thông báo thay đổi giấy chứng nhận ĐKDN lần thứ 13,https://cafef.vn/du-lieu/CTG-1929207/ctg-thong-bao-thay-doi-giay-chung-nhan-dkdn-lan-thu-13.chn?utm_source=du-lieu,
192,(10/01/2024 15:50),"Cổ phiếu CTG tăng “bốc đầu”, vốn hóa VietinBank vượt VinGroup",https://cafef.vn/co-phieu-ctg-tang-boc-dau-von-hoa-vietinbank-vuot-vingroup-188240110155133529.chn?utm_source=du-lieu,"Thị trường chứng khoán phiên 10/1 chứng kiến sự bứt phá mạnh mẽ của hàng loạt cổ phiếu ngân hàng, đặc biệt là dấu ấn của nhóm quốc doanh. Vietcombank một lần nữa chạm mốc nửa triệu tỷ vốn hóa, BIDV lại xác lập đỉnh mới, VietinBank cũng vừa có cú nhấn ga ấn tượng để vượt VinGroup, qua đó lọt vào top 5 cái tên giá trị nhất sàn chứng khoán.
Phiên 10/1, cổ phiếu CTG của VietinBank tăng 3,33% lên mức 31.000 đồng/cp, tương ứng vốn hóa 166.470 tỷ đồng. Con số này vừa đủ để vượt qua VinGroup khi cổ phiếu VIC giảm nhẹ 0,68% xuống mức 43.600 đồng/cp, tương ứng vốn hóa còn 166.288 tỷ đồng. Tính từ đầu năm 2024, vốn hóa của VietinBank đã tăng gần 21.000 tỷ đồng trong khi Vingroup đã mất hơn 3.800 tỷ vốn hóa.
VietinBank được thành lập vào ngày 26/3/1988, trên cơ sở tách ra từ Ngân hàng Nhà nước Việt Nam theo Nghị định số 53/HĐBT của Hội đồng Bộ trưởng. VietinBank được phê duyệt phương án cổ phần hóa vào tháng 9/2008 và IPO thành công vào cuối năm. Nhà băng này chính thức niêm yết tháng 7/2009 với mã chứng khoán là CTG. Ở thời kỳ đỉnh cao, vốn hóa VietinBank đạt xấp xỉ 198.000 tỷ vào cuối tháng 6/2021.
Giai đoạn đầu trước khi cổ phần hóa, tình hình kinh doanh của ngân hàng trải qua nhiều thăng trầm. Tuy nhiên, kết quả đã được cải thiện rõ rệt trong khoảng một thập kỷ trở lại đây sau khi có cổ đông chiến lược là định chế tài chính đến từ Nhật Bản Mitsubishi UFJ vào năm 2013. Lợi nhuận của nhà băng tăng trưởng qua từng năm, trừ năm 2018 do yếu tố khách quan.
Cụ thể, phương án tái cơ cấu lại hoạt động ngân hàng gắn với xử lý nợ xấu trong giai đoạn 2016 - 2020 đã được Ngân hàng Nhà nước phê duyệt ngày 27/11/2018. Dù vậy, do phương án tăng vốn thời điểm đó chưa được phê duyệt và việc thực hiện bước đầu đề án tái cơ cấu khiến VietinBank phải điều chỉnh giảm một loạt chỉ tiêu trong quý cuối năm.
Lợi nhuận của VietinBank sau đó đã nhanh chóng tăng trưởng trở lại từ năm 2019 và đạt kỷ lục gần 21.000 tỷ đồng năm 2022. Dù chưa công bố con số cụ thể nhưng đại diện ngân hàng cho biết lợi nhuận trước thuế riêng lẻ năm 2023 của VietinBank đã vượt mục tiêu kế hoạch (22.500 tỷ đồng) được ĐHĐCĐ giao phó trên cơ sở đảm bảo các chỉ tiêu an toàn hoạt động.
Trong khi đó, VinGroup tiền thân là Tập đoàn Technocom, thành lập năm 1993 tại Ucraina. Đầu những năm 2000, Technocom trở về Việt Nam, tập trung đầu tư vào lĩnh vực du lịch và bất động sản với 2 thương hiệu chiến lược là Vinpearl và Vincom. Đến tháng 1/2012, Vincom và Vinpearl sáp nhập, chính thức hoạt động dưới mô hình Tập đoàn với tên gọi Tập đoàn VinGroup – CTCP.
Từ khi niêm yết trên HoSE vào tháng 9/2007, VinGroup của tỷ phú Phạm Nhật Vượng luôn nằm trong top những doanh nghiệp giá trị nhất sàn chứng khoán. Thậm chí, tập đoàn của ông Phạm Nhật Vượng còn nhiều năm giữ vị trí số 1 thị trường với vốn hóa có thời điểm lên đến hơn 20 tỷ USD.
Tuy nhiên, từ cuối năm 2021, mảng bất động sản dù vẫn là trụ cột nhưng không còn duy trì được tốc độ tăng trưởng cao như trước. Lĩnh vực công nghiệp – công nghệ được định hướng trở thành mũi nhọn, cũng chưa đem lại lợi nhuận dù VinFast đã có những dấu ấn nhất định."
193,(10/01/2024 00:01),"Ngân hàng Việt “bắt tay” các định chế tài chính hàng đầu Nhật Bản, Hàn Quốc, Singapore: Vietcombank, VietinBank, BIDV đều tăng trưởng mạnh mẽ, cổ đông chiến lược thắng lớn, thậm chí lãi gấp nhiều lần",https://cafef.vn/ngan-hang-viet-bat-tay-cac-dinh-che-tai-chinh-hang-dau-nhat-ban-han-quoc-singapore-vietcombank-vietinbank-bidv-deu-tang-truong-manh-me-co-dong-chien-luoc-thang-lon-tham-chi-lai-gap-nhieu-lan-188240109233530984.chn?utm_source=du-lieu,"4 tỷ USD là số tiền các định chế tài chính nước ngoài chi ra để mua cổ phần chiến lược của các ngân hàng Việt Nam. Con số “khổng lồ” nhưng chỉ gói gọn trong một vài thương vụ cho thấy sự chọn lọc khắt khe của dòng tiền ngoại.
Các thương vụ chủ yếu tập trung trên nhóm ngân hàng có vốn Nhà nước chi phối như Vietcombank, VietinBank, BIDV. Tuy nhiên, thương vụ có giá trị lớn nhất từ trước đến nay lại thuộc về một ngân hàng tư nhân là VPBank.
Những cú bắt tay lịch sử
Ngân hàng “nổ phát súng” đầu tiên là VietinBank (CTG) với thương vụ chào bán riêng lẻ 168,6 triệu cổ phiếu với giá 21.000 đồng/cp cho IFC và Quỹ đầu tư cấp vốn IFC, thành viên thuộc nhóm Ngân hàng Thế giới (WB) năm 2011. Giá trị tương ứng vào khoảng 3.540 tỷ đồng (~180 triệu USD).
Với thương vụ này, nhóm IFC nắm 10% cổ phần tại ngân hàng của VietinBank nhưng đến nay đã không còn là cổ đông lớn sau khi không tham gia đợt chào bán riêng lẻ năm 2013 và nhiều lần giảm sở hữu.
Cùng năm, Vietcombank (VCB) “bắt tay” Tập đoàn tài chính Mizuho (Nhật Bản). Theo hợp đồng ký kết giữa 2 bên, Mizuho sẽ đăng ký mua 347,6 triệu cổ phiếu phổ thông của Vietcombank với giá 34.000 đồng/cp. Giá trị khoản đầu tư tương ứng hơn 11.800 tỷ đồng (~567 triệu USD), lớn nhất trong hoạt động M&A tại Việt Nam thời điểm đó.
Sau thương vụ, Mizuho trở thành đối tác chiến lược đầu tiên của Vietcombank cùng với một ghế trong HĐQT của ngân hàng. Ngoài vốn, cổ đông Nhật Bản còn cung cấp cho Vietcombank các dịch vụ hỗ trợ kỹ thuật trên nhiều hoạt động, bao gồm việc cử các chuyên gia và cung cấp các dịch vụ đào tạo cho Vietcombank cũng như đem lại các cơ hội hợp tác bán chéo sản phẩm giữa các bên.
2 năm sau khi Mizuho lần đầu rót vốn vào Vietcombank, một “gã khổng lồ” khác trong ngành tài chính Nhật Bản là Mitsubishi UFJ cũng nối gót đầu tư vào VietinBank trong đợt chào bán riêng lẻ 644,4 triệu cổ phần với giá 24.000 đồng/cp năm 2013. Giá trị thương vụ tương ứng vào khoảng 15.500 tỷ đồng (~743 triệu USD).
Bên cạnh việc củng cố năng lực tài chính, VietinBank còn nhận được sự hỗ trợ của cổ đông đến từ Nhật Bản trong hoạt động điều hành, quản trị và quản lý rủi ro trong ngành ngân hàng. Mặt khác, thông qua hợp tác với VietinBank, Mitsubishi UFJ muốn mở rộng hơn nữa hoạt động cũng cấp dịch vụ tài chính tại Châu Á, đặc biệt tại Việt Nam.
Đến năm 2019, Vietcombank tiếp tục chào bán riêng lẻ hơn 111 triệu cổ phiếu với giá 55.800 đồng/cp cho hai nhà đầu tư là Quỹ đầu tư quốc gia của Singapore (GIC) và Mizuho, thu về khoảng 6.200 tỷ đồng (~270 triệu USD). Trong đó, GIC mua 94,4 triệu cổ phần (tỷ lệ 2,55%) trong khi Mizuho mua thêm 16,7 triệu cổ phần mới để duy trì tỷ lệ sở hữu 15% cổ phần.
Cùng năm, Keb Hana Bank (Hàn Quốc) cũng trở thành cổ đông chiến lược của BIDV (BID) sau khi mua hơn 603,3 triệu cổ phiếu trong đợt chào bán riêng lẻ với giá bán 33.640 đồng/cổ phiếu. Giá trị tương ứng vào khoảng 20.300 tỷ đồng (~882 triệu USD), phá kỷ lục về giá trị thương vụ đầu tư chiến lược M&A ngành ngân hàng Việt Nam.
Theo thoả thuận giữa 2 bên ký, Keb Hana Bank sẽ đồng hành cùng BIDV với vai trò là cổ đông chiến lược tối thiểu 5 năm. Ngoài vốn, BIDV còn nhận được hỗ trợ từ ngân hàng hàng đầu Hàn Quốc trong các lĩnh vực gồm quản trị chiến lược, nâng cao quản trị rủi ro, đa dạng hoá các tài sản sinh lời, phát triển ngân hàng số, ngân hàng bán lẻ, và nâng cao phát triển nguồn nhân lực...
Kỷ lục của BIDV sau đó bị xô đổ bởi thương vụ Sumimoto Mitsui Banking Corp (SMBC - Nhật Bản) mua 15% vốn VPBank (VPB) năm 2023. Theo thoả thuận, VPBank chào bán riêng lẻ hơn 1,19 tỷ cổ phiếu cho nhà băng đến từ Nhật Bản với giá 30.159 đồng/cổ phiếu, tương đương tổng giá trị hơn 35.900 tỷ đồng (~1,5 tỷ USD).
Thoả thuận này chính thức đưa SMBC trở thành cổ đông chiến lược của VPBank. Đây là một phần trong kế hoạch tăng vốn được VPBank thực hiện từ năm 2022 nhằm tăng cường năng lực tài chính dài hạn và giúp ngân hàng đạt được mục tiêu tăng trưởng chiến lược trong 5 năm tới. Sau thương vụ, VPBank trở thành ngân hàng có vốn chủ sở hữu lớn thứ 2 tại Việt Nam, chỉ sau Vietcombank.
Trước đó vào năm 2021, Công ty Tài chính Tiêu dùng SMBC (SMBCCF), một công ty con khác do Sumitomo Mitsui Financial Group (SMFG) sở hữu 100% vốn, đã mua lại 49% cổ phần của FE Credit từ VPBank. Giá trị thương vụ ước tính vào khoảng 1,4 tỷ USD tương ứng định giá FE Credit lên đến 2,8 tỷ USD.
Ngân hàng Việt liên tục tăng trưởng mạnh
Nhìn lại lịch sử, sau khi có cổ đông chiến lược là các định chế tài chính nước ngoài, các ngân hàng Việt Nam đã có sự thay đổi theo hướng tích cực. Điều này được thể hiện qua kết quả kinh doanh, cụ thể là lợi nhuận của Vietcombank, VietinBank và BIDV nhìn chung đều tăng trưởng mạnh dù một số thời điểm chững lại vì những lý do khách quan.
Từ sau khi Mizuho rót vốn đầu tư, lợi nhuận của Vietcombank đã tăng bền bỉ và chạm ngưỡng 1 tỷ USD vào năm 2019, trở thành ngân hàng đầu tiên của Việt Nam đạt được cột mốc này. Sau một năm 2020 chững lại do đại dịch Covid, lợi nhuận của nhà băng này đã nhanh chóng lấy lại đà tăng trưởng.
Năm 2023 vừa qua, Vietcombank ước lãi trước thuế hợp nhất đạt khoảng 41.200 tỷ đồng, tăng 10,3% so với cùng kỳ năm trước. Đây là mức lợi nhuận cao nhất mà nhà băng này đạt được kể từ khi thành lập và cũng là con số cao kỷ lục đối với một ngân hàng tại Việt Nam.
Tương tự, VietinBank cũng duy trì tăng trưởng qua từng năm, trừ năm 2018 do yếu tố khách quan. Theo đó, phương án tái cơ cấu lại hoạt động ngân hàng gắn với xử lý nợ xấu trong giai đoạn 2016 - 2020 đã được Ngân hàng Nhà nước phê duyệt ngày 27/11/2018. Tuy nhiên, do phương án tăng vốn thời điểm đó chưa được phê duyệt và việc thực hiện bước đầu đề án tái cơ cấu khiến VietinBank phải điều chỉnh giảm một loạt chỉ tiêu trong quý cuối năm.
Lợi nhuận của VietinBank sau đó đã nhanh chóng tăng trưởng trở lại từ năm 2019 và đạt kỷ lục gần 21.000 tỷ đồng năm 2022. Dù chưa công bố con số cụ thể nhưng đại diện ngân hàng cho biết lợi nhuận trước thuế riêng lẻ năm 2023 của VietinBank đã vượt mục tiêu kế hoạch (22.500 tỷ đồng) được ĐHĐCĐ giao phó trên cơ sở đảm bảo các chỉ tiêu an toàn hoạt động.
Trong khi đó, BIDV liên tục tăng trưởng mạnh trong giai đoạn 2020-2023 sau khi Keb Hana Bank trở thành cổ đông chiến lược. Năm 2023, ngân hàng ước lãi trước thuế hợp nhất 27.400 tỷ đồng, tăng 19% so với thực hiện năm 2022. Đây là lần đầu tiên lợi nhuận của nhà băng này vượt ngưỡng 1 tỷ USD. Với mức lợi nhuận này, BIDV là ngân hàng có lợi nhuận cao thứ hai trong nhóm Big 4, chỉ sau Vietcombank.
Cổ đông chiến lược nước ngoài thắng lớn
Ngân hàng Việt Nam tăng trưởng mạnh mẽ, cổ đông chiến lược nước ngoài cũng thắng lớn, thậm chí lãi gấp nhiều lần. Điển hình như trường hợp của Mizuho, số cổ phần của Vietcombank trong tay nhà băng đến từ Nhật Bản hiện có giá trị thị trường lên đến 73.600 tỷ đồng, gấp gần 6 lần số vốn đầu tư. Con số này chưa bao gồm cổ tức hàng nghìn tỷ đã “bỏ túi” suốt hơn một thập kỷ qua.
Tương tự, cổ đông chiến lược còn lại của Vietcombank là GIC cũng đang lãi lớn dù đến sau Mizuho nhiều năm. Số cổ phần trong tay cổ đông đến từ Singapore hiện có giá trị thị trường hơn 12.500 tỷ đồng, gấp 2,4 lần số vốn bỏ ra, chưa tính cổ tức. Cần lưu ý rằng, số tiền cổ tức GIC nhận được từ Vietcombank chắc chắn sẽ ít hơn Mizuho do tỷ lệ sở hữu thấp hơn và thời gian nắm giữ ngắn hơn.
Vietcombank hiện là cái tên giá trị nhất sàn chứng khoán Việt Nam với vốn hóa thị trường lên đến 490.700 tỷ đồng (~20,5 tỷ USD), bỏ xa phần còn lại. Nhà băng này cũng là cái tên đầu tiên chạm đến ngưỡng nửa triệu tỷ vốn hóa trong lịch sử hơn 23 của thị trường chứng khoán khi cổ phiếu VCB lên đỉnh hồi tháng 7 năm ngoái.
Xếp ngay sau Vietcombank là BIDV với giá trị vốn hóa đạt 262.500 tỷ đồng (~10,9 tỷ USD). Với 15% cổ phần đang nắm giữ tại BIDV, khoản đầu tư này của Keb Hana Bank hiện có giá trị thị trường lên đến gần 39.400 tỷ đồng (~1,6 tỷ USD). Ước tính, Keb Hana Bank đang ""tạm lãi"" khoảng 19.000 tỷ đồng sau hơn 4 năm làm cổ đông chiến lược tại BIDV, chưa tính cổ tức tiền tươi gần 1.500 tỷ đồng. Cổ phiếu BID hiện vẫn đang ở vùng giá cao nhất từ trước đến nay (đã điều chỉnh).
Chưa về lại đỉnh lịch sử nhưng cổ phiếu CTG của VietinBank cũng đang tăng mạnh thời gian gần đây. Cổ phiếu này đã tăng hơn 15% trong chưa đầy một tháng, qua đó đẩy giá trị vốn hóa lên trên 161.000 tỷ đồng (~6,7 tỷ USD). Với việc nắm giữ 19,7% vốn, khoản đầu tư của Mitsubishi UFJ vào VietinBank hiện có giá trị thị trường khoảng 31.700 tỷ đồng, gấp đôi số tiền bỏ ra. Con số này còn chưa kể đến cổ tức bằng tiền mà cổ đông từ Nhật Bản đã nhận trong suốt nhiều năm qua.
Nhìn chung, những thương vụ định chế tài chính nước ngoài mua cổ phần chiến lược của các ngân hàng Việt đều đem lại thành công nhất định cho cả 2 phía (trừ trường hợp của VPBank với SMBC chưa thể đánh giá do thời gian hợp tác chưa đủ dài). Các ngân hàng của Việt Nam nhận được hỗ trợ về nhiều mặt, không chỉ vốn trong khi cổ đông ngoại cũng lãi lớn với các khoản đầu tư, chưa kể cổ tức ""kếch xù""."
194,(10/01/2024 00:00),CTG: Quyết định của NHNNVN về việc sửa đổi nội dung vốn điều lệ tại Giấy phép hoạt động của CTG,https://cafef.vn/du-lieu/CTG-1928613/ctg-quyet-dinh-cua-nhnnvn-ve-viec-sua-doi-noi-dung-von-dieu-le-tai-giay-phep-hoat-dong-cua-ctg.chn?utm_source=du-lieu,
195,(09/01/2024 00:00),CTG: Quyết định của TGĐ về việc thay đổi địa điểm trụ sở Chi nhánh Sầm Sơn,https://cafef.vn/du-lieu/CTG-1928069/ctg-quyet-dinh-cua-tgd-ve-viec-thay-doi-dia-diem-tru-so-chi-nhanh-sam-son.chn?utm_source=du-lieu,
196,(06/01/2024 09:39),"VietinBank hoàn thành kế hoạch lợi nhuận năm 2023, tỷ lệ nợ xấu thấp chỉ 1,15%",https://cafef.vn/vietinbank-hoan-thanh-ke-hoach-loi-nhuan-nam-2023-ty-le-no-xau-thap-chi-115-188240106100143798.chn?utm_source=du-lieu,"Tại Hội nghị, Chủ tịch HĐQT VietinBank Trần Minh Bình cho biết, năm 2023 mặc dù bối cảnh có nhiều khó khăn nhưng kết quả kinh doanh của ngân hàng đạt được nhiều kết quả tích cực.
Đến cuối năm 2023, tổng dư nợ tín dụng của VietinBank đạt hơn 1,5 triệu tỷ đồng, tăng 15% so với cuối năm 2022. Ông Trần Minh Bình cho biết, tăng trưởng tín dụng của ngân hàng tích cực ngay từ đầu năm và duy trì tăng trưởng bền vững. Chất lượng tín dụng được cải thiện, tỷ lệ nợ xấu chỉ ở mức 1,15%, nằm trong những ngân hàng có tỷ lệ nợ xấu thấp nhất. Tỷ lệ bao phủ nợ đạt 160%, duy trì ở mức cao. Huy động vốn của VietinBank tăng 13,7%, trong đó tiền gửi không kỳ hạn (CASA) tăng trưởng 27%.
Trước đó, theo báo cáo tài chính quý 3/2023, tỷ lệ nợ xấu VietinBank cuối tháng 9/2023 là 1,37%. Như vậy, tỷ lệ nợ xấu ngân hàng đã có sự cải thiện đáng kể trong quý cuối cùng của năm và mức 1,15% cũng thấp hơn so với cuối năm 2022 (1,24%).
Thu ngoài lãi của VietinBank tăng trưởng tích cực, đóng góp lớn vào tổng thu nhập. Ngân hàng tối ưu hoá chi phí, quản trị chi phí hiệu quả, từ đó tỷ lệ CIR (chi phí hoạt động/tổng thu nhập) ở mức 28%, thấp nhất trong nhóm Big 4, và là một trong những ngân hàng có tỷ lệ CIR thấp nhất ngành.
Lãnh đạo VietinBank cũng cho biết ngân hàng đã hoàn thành kế hoạch lợi nhuận năm 2023.
Ngân hàng tiếp tục tăng cường năng lực tài chính khi hoàn tất tăng vốn điều lệ lên hơn 53.000 tỷ đồng thông qua việc phát hành cổ phiếu để trả cổ tức cho cổ đông với tỷ lệ 11,74% từ nguồn lợi nhuận còn lại của năm 2020."
197,(05/01/2024 00:00),CTG: CBTT ngày giao dịch đầu tiên trái phiếu niêm yết tại HNX,https://cafef.vn/du-lieu/CTG-1926182/ctg-cbtt-ngay-giao-dich-dau-tien-trai-phieu-niem-yet-tai-hnx.chn?utm_source=du-lieu,
198,(05/01/2024 00:00),"CTG: 16.1.2024, giao dịch 564.241.139 cp niêm yết bổ sung",https://cafef.vn/du-lieu/CTG-1926214/ctg-1612024-giao-dich-564241139-cp-niem-yet-bo-sung.chn?utm_source=du-lieu,
199,(03/01/2024 00:00),"CTG: 4.1.2024, niêm yết bổ sung 564.241.139 cp",https://cafef.vn/du-lieu/CTG-1924530/ctg-412024-niem-yet-bo-sung-564241139-cp.chn?utm_source=du-lieu,
200,(03/01/2024 00:00),CTG: Quyết định của HOSE về việc thay đổi niêm yết cổ phiếu,https://cafef.vn/du-lieu/CTG-1924794/ctg-quyet-dinh-cua-hose-ve-viec-thay-doi-niem-yet-co-phieu.chn?utm_source=du-lieu,
201,(02/01/2024 00:00),CTG: CBTT nhận được Quyết định của HNX về việc chấp thuận niêm yết trái phiếu VietinBank,https://cafef.vn/du-lieu/CTG-1924482/ctg-cbtt-nhan-duoc-quyet-dinh-cua-hnx-ve-viec-chap-thuan-niem-yet-trai-phieu-vietinbank.chn?utm_source=du-lieu,
202,(02/01/2024 00:00),CTG123033: CBTT nhận được Quyết định của HNX về việc chấp thuận niêm yết trái phiếu VietinBank,https://cafef.vn/du-lieu/CTG-1924484/ctg123033-cbtt-nhan-duoc-quyet-dinh-cua-hnx-ve-viec-chap-thuan-niem-yet-trai-phieu-vietinbank.chn?utm_source=du-lieu,
